Sequence,ID,Name,n_variants,length
ANPGLPY,CP01186,Cyclomontanin D,1,7
AP,CP00306,Verpacamide A,1,2
APLWR,CP00588,Hydrocinnamate-(Orn-Pro-Dcha-Trp-Arg),1,5
AWTPGLN,CP01184,Cyclomontanin A,1,7
CIA,CP04509;CP04510;CP04512,Halipeptin A;Halipeptin B;Halipeptin D,3,3
CVA,CP04511,Halipeptin C,1,3
ELWPFGP,CP00716,Hymenamide C,1,7
HP,CP00305,Cyclo(His-Pro),1,2
IIPPYVPL,CP00687,Hymenistatin I,1,8
LIILVPPFF,CP04555,Cyclolinopeptide A,1,9
LVLAALLVTAG,CP00007;CP00566;CP04345;CP04346;CP04347,Cyclosporin A;Cyclosporin B;Cyclosporin E;Cyclosporin G;Cyclosporin H,5,11
LVLAALLVTTG,CP00460,Cyclosporin C,1,11
LVLAALLVTVG,CP00461,Cyclosporin D,1,11
NAN,CP04351;CP04484;CP04564,Beauverolide L;Ceratospongamide;Cyclosporin O,3,3
NHVNFPPTF,CP01185,Cyclomontanin C,1,9
YLY,CP00335,Renieramide,1,3
