ID,Name,Sequence
CP00305,Cyclo(His-Pro),HP
CP00306,Verpacamide A,AP
CP00588,Hydrocinnamate-(Orn-Pro-Dcha-Trp-Arg),APLWR
CP01184,Cyclomontanin A,AWTPGLN
CP01185,Cyclomontanin C,NHVNFPPTF
CP01186,Cyclomontanin D,ANPGLPY
CP03931,Polymyxin B (A Mixture Of Polymyxin B1 To B4),XTXXXFLXXT
CP04509,Halipeptin A,CIA
CP04510,Halipeptin B,CIA
CP04511,Halipeptin C,CVA
CP04512,Halipeptin D,CIA
CP04564,Ceratospongamide,
CP00007,Cyclosporin A,LVLAALLVTAG
CP00335,Renieramide,YLY
CP00460,Cyclosporin C,LVLAALLVTTG
CP00461,Cyclosporin D,LVLAALLVTVG
CP00566,Cyclosporin H,LVLAALLVTAG
CP00687,Hymenistatin I,IIPPYVPL
CP00716,Hymenamide C,ELWPFGP
CP04345,Cyclosporin B,LVLAALLVTAG
CP04346,Cyclosporin E,LVLAALLVTAG
CP04347,Cyclosporin G,LVLAALLVTAG
CP04351,Cyclosporin O,
CP04484,Beauverolide L,
CP04555,Cyclolinopeptide A,LIILVPPFF
