kmer,idx
<PAD>,0
<UNK>,1
LAQ,2
AQE,3
QEA,4
EAG,5
AGN,6
GNF,7
NFE,8
FER,9
ERI,10
RIS,11
ISG,12
SGD,13
GDL,14
DLK,15
LKT,16
KTQ,17
TQI,18
QID,19
QTL,20
TLK,21
LKK,22
KKP,23
KPA,24
PAD,25
ADD,26
DDA,27
DAN,28
ANK,29
NKA,30
KAV,31
AVN,32
VND,33
NDS,34
IKK,35
KKM,36
KML,37
MLA,38
LAD,39
ADQ,40
DQT,41
QTV,42
TVE,43
VEE,44
EEH,45
EHI,46
HIG,47
KAA,48
AAG,49
AGL,50
GLF,51
LFN,52
FNA,53
NAP,54
APA,55
PAS,56
ASQ,57
SQL,58
QLA,59
LAR,60
KLQ,61
LQK,62
QKT,63
KTY,64
TYS,65
YSQ,66
SQY,67
QYK,68
YKV,69
KVQ,70
VQY,71
QYD,72
YDM,73
KFG,74
FGA,75
GAD,76
ADA,77
DAR,78
ARA,79
RAL,80
ALM,81
LML,82
MLQ,83
LQG,84
QGV,85
GVD,86
VDL,87
DLL,88
LLA,89
TYP,90
YPP,91
PPS,92
PSN,93
SNQ,94
NQN,95
QNK,96
NKL,97
KLF,98
LFK,99
FKS,100
KSQ,101
SQC,102
WNC,103
NCL,104
CLP,105
LPQ,106
PQG,107
QGF,108
GFV,109
FVL,110
VLS,111
LSP,112
SPY,113
PYI,114
YIY,115
IYQ,116
YQK,117
KTL,118
TLQ,119
LQE,120
QEI,121
LSS,122
SSS,123
SSL,124
SLG,125
LGL,126
GLA,127
LAL,128
ALL,129
LLL,130
LLF,131
LFW,132
FWL,133
SLS,134
LSV,135
SVY,136
VYD,137
YDL,138
DLE,139
LES,140
ESK,141
SKA,142
AVI,143
VIA,144
IAE,145
AEL,146
MVP,147
VPF,148
PFI,149
FIP,150
IPL,151
PLY,152
LYR,153
YRN,154
RNG,155
NGD,156
VFI,157
FIK,158
IKR,159
KRV,160
RVS,161
VSN,162
SNV,163
NVI,164
VII,165
IIH,166
IHG,167
HGL,168
GLY,169
LYL,170
YLY,171
LYG,172
TNK,173
NKV,174
KVN,175
VNS,176
NSV,177
SVI,178
VIE,179
IEK,180
EKM,181
KMN,182
MNT,183
NTQ,184
TQF,185
QFT,186
FTA,187
TAV,188
AVG,189
VGK,190
TEQ,191
EQT,192
QTA,193
TAT,194
ATD,195
TDY,196
DYV,197
YVP,198
VPS,199
PSS,200
SST,201
STS,202
TST,203
STP,204
TPH,205
SSK,206
SKP,207
KPP,208
PSK,209
SKR,210
KRL,211
RLT,212
LTF,213
TFG,214
FGW,215
GWH,216
WHR,217
KEA,218
EAV,219
AVP,220
VPL,221
PLE,222
LED,223
EDL,224
DLV,225
LVL,226
VLP,227
LPE,228
PEP,229
EPV,230
PVG,231
HDD,232
DDR,233
DRL,234
RLG,235
LGF,236
GFL,237
FLT,238
TFC,239
FCP,240
CPT,241
PTN,242
TNL,243
CIE,244
IEF,245
EFV,246
FVQ,247
VQQ,248
QQE,249
QEV,250
EVD,251
VDY,252
DYI,253
YII,254
IID,255
IDH,256
IKP,257
KPG,258
PGS,259
GSA,260
SAN,261
NKP,262
KPK,263
PKD,264
KDE,265
DEL,266
ELD,267
LDY,268
DYE,269
YEN,270
END,271
NDI,272
DIE,273
LPA,274
PAC,275
ACV,276
CVY,277
VYG,278
YGP,279
GPA,280
PAV,281
AVA,282
VAS,283
ASG,284
SGY,285
GYD,286
YDF,287
DFE,288
HEY,289
EYE,290
YEP,291
EPL,292
PLP,293
PED,294
EDV,295
DVK,296
VKK,297
KKT,298
KTS,299
TSE,300
KLL,301
LLI,302
LIA,303
IAF,304
AFG,305
FGL,306
GLV,307
LVI,308
VIL,309
ILL,310
LLV,311
LVT,312
VTL,313
TLP,314
LPC,315
PCA,316
CAS,317
TTE,318
TEW,319
EWV,320
WVE,321
VET,322
ETT,323
TTA,324
TAR,325
ARE,326
REL,327
ELP,328
LPI,329
PIP,330
YKY,331
KYL,332
YLG,333
LGP,334
GPF,335
PFN,336
FNG,337
NGL,338
GLD,339
LDK,340
DKG,341
KGE,342
GEP,343
STI,344
TIA,345
IAS,346
SGI,347
GII,348
III,349
IIE,350
EKY,351
KYN,352
YNV,353
DRT,354
RTG,355
TGV,356
GVR,357
VRV,358
RVL,359
VLT,360
LTM,361
TMC,362
MCP,363
CPG,364
PGV,365
GVT,366
YLK,367
LKR,368
KRK,369
RKL,370
KLI,371
LIY,372
IYD,373
YDA,374
DAA,375
AAV,376
AVE,377
VEG,378
LRK,379
RKG,380
KGN,381
GNY,382
NYA,383
YAE,384
AER,385
ERV,386
RVG,387
VGA,388
GAG,389
AGA,390
GAP,391
AKD,392
KDM,393
DMK,394
MKI,395
KIM,396
IMQ,397
MQN,398
QNI,399
NIA,400
IAQ,401
AQT,402
QTI,403
TIS,404
ISL,405
SLI,406
IAG,407
AGQ,408
GQK,409
SQV,410
QVE,411
VEQ,412
EQF,413
QFL,414
FLH,415
LHR,416
HRN,417
RNI,418
NIQ,419
IQE,420
QEY,421
EYL,422
YLS,423
LSI,424
SIL,425
ILT,426
LTD,427
PSP,428
SPA,429
PAK,430
AKP,431
KPD,432
PDP,433
DPN,434
PNL,435
NLY,436
LYN,437
YNT,438
NTL,439
TLD,440
FLL,441
LLM,442
LMD,443
MDA,444
DAL,445
ALK,446
LKL,447
KLS,448
QDW,449
DWL,450
WLG,451
LGV,452
GVS,453
VSR,454
SRQ,455
RQL,456
QLR,457
LRT,458
RTK,459
TKA,460
KAW,461
STL,462
TLT,463
LTK,464
TKT,465
TLV,466
VLV,467
LVP,468
PLL,469
LAN,470
ANN,471
NNR,472
PRF,473
RFI,474
FIA,475
IAV,476
VGY,477
GYV,478
YVD,479
VDD,480
DDT,481
DTE,482
DFW,483
FWQ,484
WQM,485
QMV,486
MVW,487
VWE,488
WES,489
ESG,490
SGC,491
GCT,492
CTV,493
TVI,494
VIV,495
IVM,496
VML,497
MLT,498
LTP,499
TPL,500
PLV,501
LVE,502
VED,503
EDG,504
DGV,505
SNN,506
NNL,507
NLE,508
LEY,509
EYI,510
YIV,511
IVG,512
VGR,513
GRA,514
RAW,515
AWI,516
WIG,517
IGF,518
YER,519
ERF,520
RFR,521
FRG,522
RGS,523
GSW,524
SWI,525
WII,526
IIA,527
IAA,528
KPL,529
AED,530
DVD,531
VDG,532
DGE,533
GEA,534
EAL,535
ALS,536
LST,537
VLN,538
VTP,539
TPV,540
PVY,541
VYY,542
YYI,543
YIP,544
LEA,545
IDI,546
DID,547
IDL,548
DLC,549
LCD,550
CDI,551
DIC,552
ICT,553
CTN,554
TNT,555
NTM,556
TMD,557
MDV,558
EEN,559
ENV,560
NVE,561
FLP,562
LPL,563
ALW,564
LWE,565
WEP,566
EPK,567
PKP,568
KPT,569
PTQ,570
TQA,571
YAS,572
ASV,573
SVF,574
VFS,575
FSN,576
NNA,577
NAK,578
AKE,579
KEI,580
EII,581
IIR,582
IRL,583
RLH,584
LHS,585
HSD,586
SDA,587
DAS,588
ASE,589
SEQ,590
EQE,591
QET,592
ETA,593
TAD,594
DAT,595
ATP,596
TPE,597
PEK,598
EKE,599
KEE,600
EEP,601
EPT,602
PTA,603
TAA,604
AAP,605
AAD,606
ADT,607
DTP,608
TPT,609
TAE,610
AES,611
ESI,612
SIS,613
ISP,614
SPS,615
SPP,616
PPC,617
AEV,618
VDC,619
DCS,620
CSR,621
SRF,622
RFP,623
FPN,624
PNA,625
NAT,626
TDK,627
EYK,628
YKI,629
KIL,630
ILE,631
LEK,632
KMP,633
MPQ,634
PQT,635
QTT,636
TTI,637
TIQ,638
IQV,639
QVD,640
DGS,641
GSE,642
SEK,643
EKK,644
KKI,645
SLL,646
LLE,647
LEL,648
ELQ,649
QKV,650
KVF,651
FSK,652
SKG,653
KGT,654
GTF,655
TFL,656
AAF,657
AFN,658
FNN,659
NAI,660
AIK,661
IKA,662
KAG,663
AGT,664
GTG,665
TGG,666
GGA,667
GAY,668
YVY,669
VYA,670
YAL,671
ALP,672
LPT,673
PTK,674
AAH,675
AHI,676
HIV,677
IVF,678
VFP,679
KLG,680
LGD,681
GDK,682
DKE,683
KEM,684
EMI,685
MIQ,686
IQH,687
QHY,688
HYT,689
YTL,690
LDQ,691
SYQ,692
YQP,693
QPL,694
PLG,695
DKV,696
VNF,697
NFF,698
FFR,699
KGG,700
GGR,701
GRK,702
RKP,703
PAR,704
ARL,705
RLI,706
LIV,707
FPD,708
PDL,709
DLG,710
RVC,711
DIK,712
IKF,713
KFL,714
LPF,715
PFK,716
FKV,717
KVV,718
VVE,719
VEK,720
KTK,721
TKP,722
KPY,723
YIQ,724
EDE,725
DEI,726
EID,727
IDG,728
DGP,729
PAG,730
GQA,731
QAE,732
AEP,733
EPD,734
PDR,735
DRA,736
RAH,737
AHY,738
HYN,739
YNI,740
QTC,741
TCS,742
CSP,743
SPL,744
PLR,745
LRV,746
RVN,747
VNH,748
NHA,749
HAV,750
AVL,751
VLA,752
LAV,753
GYG,754
YGT,755
GTQ,756
PIV,757
IVQ,758
VQL,759
QLQ,760
QGD,761
GDS,762
DSN,763
SNC,764
CLK,765
LKC,766
KCF,767
CFR,768
LDI,769
DIS,770
ISN,771
NRL,772
RLE,773
ESL,774
SLP,775
PAH,776
GGV,777
GVG,778
VGL,779
LAS,780
AST,781
TLW,782
LWY,783
WYA,784
ESN,785
SNA,786
NAL,787
LSK,788
LGE,789
GEL,790
LAE,791
AEI,792
EIE,793
IET,794
ETD,795
DKA,796
KAT,797
ATI,798
AKF,799
KFV,800
FVA,801
VAA,802
AAW,803
AWT,804
WTL,805
LKA,806
AAA,807
GGG,808
GGP,809
GPG,810
PGA,811
AGS,812
GSL,813
SLQ,814
LQP,815
PLA,816
ALE,817
LEG,818
EGS,819
ILM,820
LME,821
MEP,822
EPI,823
PIL,824
ILS,825
LSR,826
SRI,827
RIP,828
NIS,829
ISQ,830
SQH,831
QHQ,832
HQC,833
QCV,834
CVK,835
KKQ,836
KQC,837
QCP,838
CPQ,839
PQN,840
QNS,841
NSG,842
GCF,843
KAR,844
ARV,845
RVD,846
VDE,847
ELE,848
LER,849
RIR,850
IRR,851
RRS,852
RSI,853
RQN,854
NIH,855
IHS,856
HSL,857
SPQ,858
PQE,859
QER,860
ERE,861
REQ,862
MTS,863
TSR,864
SRD,865
RDI,866
IEV,867
EVQ,868
VQG,869
GFR,870
FRI,871
IPK,872
PKG,873
GTT,874
TTL,875
TLI,876
REG,877
EGD,878
DKH,879
KHK,880
HKL,881
KLK,882
KKS,883
KSE,884
SEL,885
ELK,886
LKE,887
KEL,888
RRI,889
RIL,890
EAK,891
AKQ,892
KQK,893
QKG,894
KGF,895
ELL,896
LLS,897
LSL,898
LIN,899
IND,900
NDM,901
DMP,902
MPI,903
PIT,904
ITN,905
TND,906
NDQ,907
DQK,908
QKK,909
KKL,910
KLM,911
LMS,912
MSN,913
NNV,914
LGH,915
GHD,916
DAY,917
AYS,918
YSD,919
SDD,920
DDK,921
DKS,922
KSM,923
SMK,924
MKV,925
KVT,926
VTV,927
TVA,928
VAF,929
AYD,930
YDE,931
DEE,932
EEA,933
EAR,934
ARR,935
RRG,936
RGL,937
GLE,938
ERG,939
GLN,940
LNA,941
ALA,942
GSH,943
SHS,944
SLR,945
LRY,946
RYF,947
YFL,948
LTA,949
AVS,950
SRP,951
RPG,952
PGL,953
GLG,954
PDD,955
DDQ,956
DQI,957
QIK,958
KKN,959
KNV,960
NVL,961
LRQ,962
RQT,963
QTK,964
TKV,965
KVP,966
PSL,967
SLF,968
LFV,969
FVE,970
VES,971
ESS,972
SSV,973
HMA,974
MAK,975
KED,976
LVA,977
VAN,978
ANQ,979
NQP,980
QPN,981
NLK,982
SFS,983
FSV,984
SVP,985
VPT,986
PTG,987
TGQ,988
GQP,989
QPR,990
PRP,991
RPS,992
PSH,993
SHH,994
HHG,995
HGV,996
GVF,997
VFA,998
FAF,999
AFL,1000
MST,1001
STN,1002
TNP,1003
NPK,1004
KPQ,1005
PQR,1006
QRK,1007
RKT,1008
TKR,1009
KRN,1010
RNT,1011
NTN,1012
TNR,1013
NRR,1014
RRP,1015
RPQ,1016
MML,1017
LTC,1018
TCV,1019
CVE,1020
VEI,1021
EIK,1022
IKE,1023
KEG,1024
EGA,1025
GAL,1026
PSD,1027
SDK,1028
KHI,1029
HIE,1030
YLN,1031
LNK,1032
NKI,1033
KIQ,1034
IQN,1035
NSL,1036
STE,1037
EWS,1038
NLG,1039
LGT,1040
TTV,1041
TVR,1042
VRA,1043
RAS,1044
SVR,1045
VRI,1046
RVF,1047
VFC,1048
FCA,1049
CAA,1050
GRL,1051
RLA,1052
LAA,1053
KCT,1054
CTE,1055
TEE,1056
EED,1057
EDS,1058
DSG,1059
SGS,1060
GSN,1061
SNG,1062
NGK,1063
GKK,1064
KIT,1065
ITC,1066
TCE,1067
CEC,1068
ECT,1069
CTK,1070
HKH,1071
KHY,1072
HYL,1073
YLV,1074
LVC,1075
VCN,1076
CNY,1077
NYG,1078
GPS,1079
PSG,1080
SGN,1081
GTD,1082
TDG,1083
VTY,1084
TYT,1085
YTN,1086
NDC,1087
DCL,1088
CLL,1089
LLC,1090
ANI,1091
NIL,1092
LLQ,1093
LQI,1094
IDN,1095
DNA,1096
NAR,1097
LIP,1098
IPT,1099
PTC,1100
TCK,1101
CKN,1102
KNL,1103
NLR,1104
LRP,1105
PGP,1106
SPK,1107
PKE,1108
KEF,1109
EFE,1110
DRI,1111
RIE,1112
EKD,1113
KDR,1114
RLQ,1115
QGM,1116
GMA,1117
MAP,1118
PAA,1119
YRL,1120
RLF,1121
LFP,1122
FPT,1123
PTW,1124
TWM,1125
WMM,1126
MMF,1127
MFA,1128
FAS,1129
ESY,1130
SYK,1131
YKF,1132
KFI,1133
IPA,1134
PAL,1135
EAA,1136
YGA,1137
GAF,1138
AFD,1139
FDP,1140
DPL,1141
VAD,1142
ADI,1143
ICK,1144
CKK,1145
KKY,1146
KYK,1147
KIW,1148
KND,1149
DMV,1150
MVI,1151
VIN,1152
INL,1153
NLN,1154
LNQ,1155
NQE,1156
QEL,1157
NTG,1158
GVI,1159
INI,1160
ILN,1161
LNS,1162
NSA,1163
SAS,1164
ASR,1165
SRV,1166
RVA,1167
VAK,1168
AKN,1169
KNG,1170
ASD,1171
SDV,1172
DVE,1173
AEG,1174
EGG,1175
GGE,1176
GEI,1177
EIH,1178
IHE,1179
HEL,1180
LLR,1181
LRL,1182
AAT,1183
ATL,1184
TLG,1185
GFG,1186
AYM,1187
YMS,1188
MSK,1189
KAH,1190
AHG,1191
GTL,1192
LIS,1193
ISR,1194
SRA,1195
RAP,1196
APV,1197
PVV,1198
VVT,1199
VTH,1200
THT,1201
HTY,1202
TYL,1203
RRV,1204
RVT,1205
VTR,1206
TRV,1207
RVY,1208
VYH,1209
YHN,1210
HNG,1211
NGI,1212
GIT,1213
ITG,1214
TGE,1215
GET,1216
TTT,1217
GKD,1218
KDF,1219
DFF,1220
FFK,1221
FKP,1222
LRI,1223
LLT,1224
LTG,1225
TGN,1226
GNS,1227
NSH,1228
SHG,1229
GVE,1230
VEF,1231
IST,1232
STA,1233
AVQ,1234
QGI,1235
GIL,1236
ILF,1237
LFA,1238
FAL,1239
LLG,1240
LGA,1241
TID,1242
DGR,1243
GRG,1244
RGV,1245
GVK,1246
VKV,1247
KVE,1248
MGE,1249
ETL,1250
TLL,1251
LRA,1252
RAV,1253
SYL,1254
YLL,1255
LAH,1256
AHS,1257
MTC,1258
CEN,1259
ENQ,1260
QNP,1261
NPC,1262
PCF,1263
CFP,1264
FPI,1265
PIQ,1266
IQL,1267
QLP,1268
KSA,1269
SAF,1270
AFV,1271
FVM,1272
VMA,1273
MAN,1274
NLI,1275
LIE,1276
IEA,1277
EAT,1278
ATQ,1279
LVV,1280
VVP,1281
VPR,1282
PRY,1283
RYA,1284
YAF,1285
AFA,1286
FAM,1287
AME,1288
MER,1289
ERN,1290
RNA,1291
NAG,1292
GSG,1293
IKY,1294
KYS,1295
YSE,1296
SEE,1297
EEV,1298
EVC,1299
CND,1300
DQV,1301
DLY,1302
CGS,1303
GSS,1304
SSD,1305
SDL,1306
TRH,1307
RHA,1308
HAD,1309
ADV,1310
DVI,1311
VIP,1312
IPV,1313
RLC,1314
LCV,1315
CVQ,1316
VQS,1317
QST,1318
STH,1319
THV,1320
HVD,1321
VDI,1322
DIR,1323
IRT,1324
RTL,1325
TLE,1326
SNL,1327
NLQ,1328
LQL,1329
QLI,1330
IYN,1331
YNL,1332
NLT,1333
LTL,1334
TLC,1335
LCE,1336
CEL,1337
ELN,1338
LNG,1339
NGT,1340
TDW,1341
NPN,1342
PNE,1343
NEP,1344
EPS,1345
SNP,1346
MLP,1347
LPH,1348
PHF,1349
HFN,1350
FNS,1351
NSK,1352
KAM,1353
AMV,1354
YQG,1355
GVQ,1356
QQK,1357
QKW,1358
KWD,1359
WDA,1360
ATA,1361
ATE,1362
TEL,1363
LNN,1364
ALQ,1365
AKY,1366
KYD,1367
DAF,1368
FVT,1369
VTA,1370
TAL,1371
ALT,1372
LTE,1373
TVT,1374
TRG,1375
RGT,1376
GTI,1377
ISD,1378
SDP,1379
DPQ,1380
QRA,1381
RAK,1382
ALD,1383
DKY,1384
FEN,1385
ENN,1386
NNQ,1387
NQR,1388
QRC,1389
RCM,1390
CMC,1391
MCE,1392
CEA,1393
LQQ,1394
QQI,1395
QIM,1396
IME,1397
MEN,1398
NQS,1399
ENL,1400
LRE,1401
RED,1402
GVW,1403
VWG,1404
WGR,1405
GRP,1406
RPH,1407
PHL,1408
HLS,1409
KLT,1410
LTS,1411
TSG,1412
SGK,1413
GKP,1414
ASC,1415
SCV,1416
CVD,1417
VDK,1418
DKN,1419
KNA,1420
ARG,1421
RGF,1422
GFY,1423
FYS,1424
SVE,1425
VEL,1426
ELI,1427
LID,1428
DIG,1429
IGG,1430
GGN,1431
GNR,1432
RIF,1433
IFG,1434
FGF,1435
GFN,1436
ALV,1437
LVD,1438
YNR,1439
EKV,1440
VEA,1441
EAD,1442
DAQ,1443
AQV,1444
VDR,1445
LIT,1446
TGR,1447
SQR,1448
QRH,1449
RHG,1450
HGS,1451
GSK,1452
SKY,1453
YLA,1454
LAT,1455
TAS,1456
STM,1457
MDH,1458
DHA,1459
HAR,1460
ARH,1461
PEM,1462
EMG,1463
MGD,1464
GDQ,1465
DQA,1466
QAH,1467
AHM,1468
HMP,1469
MPY,1470
PYT,1471
YTT,1472
VIH,1473
HEV,1474
WYY,1475
YIA,1476
IAL,1477
KLR,1478
RKA,1479
KAF,1480
AFP,1481
PNK,1482
NKY,1483
KYV,1484
YVK,1485
VKM,1486
CLR,1487
LRC,1488
RCQ,1489
CQK,1490
QKP,1491
PLN,1492
LNP,1493
NPA,1494
PAE,1495
AEK,1496
EKL,1497
VEH,1498
EHD,1499
HDA,1500
DAE,1501
AEE,1502
IEI,1503
EIG,1504
IGL,1505
EGK,1506
GKG,1507
GFE,1508
FEP,1509
PTL,1510
ALF,1511
LFG,1512
FGK,1513
AAL,1514
ALN,1515
NAY,1516
AYV,1517
YVS,1518
VSQ,1519
SQT,1520
LTQ,1521
TQY,1522
LGY,1523
GYL,1524
YLE,1525
LEQ,1526
EQL,1527
QLL,1528
RLK,1529
VPQ,1530
NLL,1531
LIR,1532
IRC,1533
RCL,1534
KMA,1535
MAE,1536
AET,1537
ETC,1538
TCP,1539
CPI,1540
PIF,1541
IFY,1542
FYD,1543
YDV,1544
DVF,1545
VFF,1546
FFA,1547
FAV,1548
ANG,1549
VVN,1550
VNK,1551
KIR,1552
IRG,1553
TFK,1554
ISV,1555
SVL,1556
VLK,1557
LKS,1558
KSR,1559
SRL,1560
RLL,1561
LLK,1562
RKK,1563
KYI,1564
NNG,1565
NGG,1566
GGC,1567
GCD,1568
CDA,1569
DAD,1570
DAK,1571
AKC,1572
KLE,1573
LEE,1574
EEK,1575
EKF,1576
KFP,1577
FPQ,1578
PQV,1579
QVA,1580
ATG,1581
TGD,1582
GDG,1583
QGE,1584
GEN,1585
ENE,1586
NEK,1587
YLP,1588
PFL,1589
FLN,1590
NNI,1591
NIE,1592
TLY,1593
AVY,1594
VYF,1595
YFS,1596
FSE,1597
YND,1598
NDV,1599
LVN,1600
VNY,1601
NYE,1602
YEM,1603
EMK,1604
MKL,1605
LLH,1606
LHK,1607
HKV,1608
KVG,1609
VGS,1610
EIT,1611
VYC,1612
YCK,1613
CKT,1614
KTV,1615
TVL,1616
VLE,1617
LDP,1618
DPY,1619
PYF,1620
YFN,1621
FNL,1622
NLV,1623
LVS,1624
VSP,1625
SPE,1626
PEV,1627
EVY,1628
VYN,1629
YNY,1630
MQD,1631
QDP,1632
DPE,1633
PEA,1634
PTE,1635
NNH,1636
NHR,1637
HRI,1638
IFL,1639
FLA,1640
LAG,1641
AGD,1642
DKD,1643
KDN,1644
DNV,1645
QKR,1646
KRA,1647
RAA,1648
AAY,1649
YDQ,1650
DQY,1651
QYG,1652
YGH,1653
GHA,1654
HAA,1655
AFE,1656
GAQ,1657
AQF,1658
QFI,1659
FIT,1660
ITW,1661
TWR,1662
WRG,1663
RGI,1664
GIP,1665
PLI,1666
LIK,1667
IKN,1668
KNQ,1669
NQK,1670
QKE,1671
KES,1672
ESH,1673
SHF,1674
HFV,1675
EVA,1676
VAP,1677
APQ,1678
PQA,1679
QAK,1680
AKI,1681
KIA,1682
GGY,1683
GYI,1684
YIT,1685
CPP,1686
PPY,1687
PYV,1688
YVE,1689
VEV,1690
VCQ,1691
LDW,1692
WLN,1693
LNR,1694
NRI,1695
ETY,1696
TYV,1697
VKW,1698
KWP,1699
WPW,1700
PWY,1701
WYV,1702
YVW,1703
VWL,1704
WLL,1705
IPS,1706
SLE,1707
AVK,1708
VKQ,1709
KQA,1710
QAY,1711
AYA,1712
YAA,1713
ATV,1714
ELT,1715
TEV,1716
EVP,1717
VPA,1718
AHW,1719
HWI,1720
SLK,1721
LKM,1722
MAD,1723
ADP,1724
PNR,1725
NRF,1726
RGK,1727
KDL,1728
DLP,1729
YTE,1730
TEH,1731
EHA,1732
HAK,1733
AKR,1734
TAM,1735
AMD,1736
DVV,1737
VVY,1738
KRQ,1739
RQG,1740
GQF,1741
QFE,1742
FED,1743
EDF,1744
FFP,1745
FPA,1746
ASS,1747
SSR,1748
RDQ,1749
DQS,1750
PCI,1751
CIP,1752
IPY,1753
YVR,1754
VRG,1755
RGG,1756
GAV,1757
VPP,1758
PPA,1759
AGF,1760
GFK,1761
FKA,1762
AGV,1763
VQP,1764
QPA,1765
ADK,1766
HPS,1767
PSY,1768
YKK,1769
RAR,1770
ARI,1771
IRK,1772
RKD,1773
KDT,1774
DTV,1775
TVF,1776
FIV,1777
IVP,1778
AGP,1779
GPK,1780
DNG,1781
GAC,1782
ACG,1783
CGY,1784
GYK,1785
YKD,1786
KDV,1787
KAP,1788
NKE,1789
EAN,1790
NRA,1791
RAE,1792
EKS,1793
EEE,1794
NIR,1795
IRF,1796
FRY,1797
RYI,1798
IVL,1799
VLQ,1800
LQD,1801
QDT,1802
DTC,1803
CSK,1804
RDY,1805
VSE,1806
VQK,1807
QKL,1808
KEK,1809
EKC,1810
KCD,1811
CDG,1812
TEG,1813
EGR,1814
GRV,1815
RVR,1816
SAY,1817
AYQ,1818
YQD,1819
QDK,1820
HRC,1821
RCF,1822
CFQ,1823
FQV,1824
QVL,1825
VLG,1826
LGR,1827
NTA,1828
KAI,1829
AIE,1830
EAY,1831
AYL,1832
YLI,1833
IAN,1834
GIR,1835
IRI,1836
RIY,1837
IYV,1838
VDV,1839
VVL,1840
NQM,1841
QMS,1842
MSG,1843
EGF,1844
GFT,1845
FTR,1846
TRL,1847
RLS,1848
LSF,1849
SFT,1850
EKA,1851
ALR,1852
LRN,1853
RNM,1854
NMA,1855
MAV,1856
AKH,1857
KHN,1858
HNL,1859
LNI,1860
NIM,1861
IMI,1862
VGG,1863
GRC,1864
RCH,1865
CHP,1866
HPH,1867
PHV,1868
HVN,1869
VNG,1870
NGV,1871
EEF,1872
EFN,1873
FNK,1874
NKK,1875
KMQ,1876
MQE,1877
QEQ,1878
EQN,1879
QNA,1880
KFF,1881
FAD,1882
DKP,1883
GLP,1884
PAI,1885
AWV,1886
WVA,1887
KRP,1888
EHY,1889
HYD,1890
YDK,1891
DKF,1892
KFE,1893
ERM,1894
RMI,1895
MIK,1896
KEH,1897
EHT,1898
HTE,1899
TEK,1900
KFN,1901
VDS,1902
DSY,1903
SYV,1904
YVT,1905
VTS,1906
TSS,1907
SVK,1908
VKT,1909
TKS,1910
SEH,1911
QES,1912
KAN,1913
QLV,1914
YNH,1915
NHN,1916
HNN,1917
TKF,1918
FLS,1919
STG,1920
TGM,1921
GMV,1922
MVF,1923
VFE,1924
ASK,1925
SKN,1926
KNK,1927
KAL,1928
ALI,1929
LII,1930
IIK,1931
IKS,1932
EPE,1933
EAP,1934
PAP,1935
APE,1936
PET,1937
ETE,1938
KAE,1939
EVE,1940
TMS,1941
NVK,1942
VKN,1943
NVS,1944
QTN,1945
TNF,1946
NFK,1947
KSL,1948
RNL,1949
SES,1950
ESD,1951
SDE,1952
EFD,1953
FDD,1954
DDS,1955
DSA,1956
SAA,1957
DTD,1958
TDD,1959
DSE,1960
SEA,1961
AGG,1962
GGS,1963
WCN,1964
CNE,1965
NEE,1966
EDH,1967
DHL,1968
HLR,1969
RII,1970
IIS,1971
ISM,1972
SMQ,1973
MQM,1974
HPG,1975
PGN,1976
GNT,1977
NTI,1978
TIL,1979
ILH,1980
LHV,1981
VDT,1982
DTI,1983
TIY,1984
NRP,1985
SNT,1986
NTT,1987
QKF,1988
KFS,1989
EHF,1990
HFS,1991
FSI,1992
SIH,1993
IHC,1994
HCC,1995
CCP,1996
PPF,1997
PFT,1998
FTF,1999
ALY,2000
LYH,2001
YHT,2002
TEN,2003
ENA,2004
VSV,2005
SVV,2006
VVS,2007
LCA,2008
CAY,2009
YSI,2010
SIE,2011
EFG,2012
FGT,2013
GTN,2014
TNI,2015
ISK,2016
ASF,2017
SFD,2018
FDV,2019
DVP,2020
SKQ,2021
KQP,2022
QPT,2023
PTI,2024
VHF,2025
HFF,2026
FKN,2027
KNI,2028
NIV,2029
IVT,2030
TPR,2031
PRT,2032
RTP,2033
TPP,2034
PPP,2035
PSQ,2036
SQG,2037
QGK,2038
KGR,2039
PDT,2040
DTA,2041
TAK,2042
EKP,2043
QEG,2044
EGT,2045
GTV,2046
TVV,2047
VVA,2048
ASL,2049
SLT,2050
TCG,2051
CGR,2052
GRR,2053
RRF,2054
RFE,2055
FEY,2056
EYD,2057
YDD,2058
DDP,2059
DPR,2060
RFL,2061
FLR,2062
FFV,2063
FVR,2064
VRS,2065
SIG,2066
IGS,2067
GGK,2068
GKL,2069
KLA,2070
AGK,2071
GKY,2072
KYT,2073
YTD,2074
TDA,2075
DAV,2076
AVT,2077
NIP,2078
IPP,2079
PPR,2080
PRM,2081
RMF,2082
MFT,2083
AEA,2084
FTT,2085
TTM,2086
TMP,2087
MPF,2088
FLF,2089
LFC,2090
FCN,2091
CNV,2092
NVN,2093
DVC,2094
CNF,2095
NFA,2096
RSL,2097
TPC,2098
PCT,2099
CTC,2100
IYR,2101
YRR,2102
RRR,2103
RRL,2104
RLM,2105
LMK,2106
MKQ,2107
KQD,2108
QDF,2109
REV,2110
EVK,2111
VKE,2112
KKR,2113
KRI,2114
RIM,2115
IMN,2116
MND,2117
NDK,2118
DKK,2119
FVP,2120
LYS,2121
YSS,2122
SKS,2123
SAT,2124
ATS,2125
TSV,2126
SVG,2127
VGT,2128
GTP,2129
PTR,2130
RVI,2131
VIG,2132
IGD,2133
GDF,2134
DFG,2135
FGV,2136
GVP,2137
VPI,2138
PIS,2139
ISI,2140
ILI,2141
LIM,2142
AGE,2143
QII,2144
IDK,2145
DKI,2146
KID,2147
IDA,2148
AFK,2149
KVA,2150
LLY,2151
VQN,2152
QNE,2153
NEV,2154
EVT,2155
LTH,2156
EYF,2157
YFK,2158
PTS,2159
TSP,2160
SPV,2161
PVP,2162
VPN,2163
QVS,2164
IEW,2165
EWE,2166
WEL,2167
KEN,2168
ENS,2169
GGF,2170
FEV,2171
EVN,2172
NGN,2173
NFI,2174
IKV,2175
KVS,2176
VSA,2177
SAE,2178
PIR,2179
IRA,2180
LVG,2181
VGD,2182
GDE,2183
DEV,2184
PCR,2185
CRI,2186
SPG,2187
PGK,2188
AFS,2189
FSL,2190
SLD,2191
LDV,2192
DVS,2193
KSG,2194
PQL,2195
QLE,2196
LEI,2197
EIV,2198
MDR,2199
RAD,2200
DTL,2201
EQQ,2202
QQN,2203
KRH,2204
RHD,2205
HDG,2206
DGG,2207
GCR,2208
CRK,2209
RKE,2210
ELA,2211
AMK,2212
MKK,2213
IQD,2214
QDC,2215
DCY,2216
CYV,2217
VEN,2218
ENG,2219
GLI,2220
VLD,2221
HGR,2222
GRQ,2223
RQI,2224
QIR,2225
IRM,2226
RMA,2227
AKL,2228
GRD,2229
RDP,2230
PPK,2231
PKT,2232
KTW,2233
TWE,2234
WEE,2235
EEI,2236
EIP,2237
TPN,2238
PNM,2239
NMY,2240
MYF,2241
FKD,2242
VVI,2243
VIY,2244
IYH,2245
YHK,2246
HKK,2247
ISF,2248
QQL,2249
DTS,2250
SGP,2251
GPW,2252
LTT,2253
EEQ,2254
EQR,2255
QRE,2256
PKH,2257
LKQ,2258
QPG,2259
PGD,2260
DGN,2261
GNP,2262
NPE,2263
PEN,2264
NAN,2265
ANA,2266
NAV,2267
HVI,2268
QIN,2269
INS,2270
NSE,2271
SER,2272
ERS,2273
RSW,2274
SWF,2275
WFF,2276
KTN,2277
TNE,2278
EPY,2279
PYE,2280
YED,2281
DFA,2282
FAA,2283
AAR,2284
EAI,2285
AID,2286
YFV,2287
FVG,2288
GKM,2289
KMY,2290
SHL,2291
HLE,2292
LEC,2293
ECR,2294
CRT,2295
RTF,2296
TFF,2297
FFL,2298
TQG,2299
QGA,2300
LLN,2301
LND,2302
VFT,2303
RHS,2304
HSQ,2305
TAI,2306
AIP,2307
PSC,2308
SCP,2309
CPE,2310
PEG,2311
TVP,2312
SVS,2313
ATH,2314
THA,2315
AKS,2316
KSS,2317
SSP,2318
NIF,2319
IFT,2320
FTN,2321
TNN,2322
GRI,2323
RIN,2324
INT,2325
NTH,2326
VRY,2327
RYL,2328
YLD,2329
LDR,2330
DRY,2331
YFH,2332
FHN,2333
HNQ,2334
QEE,2335
NVR,2336
VRF,2337
RFD,2338
PKF,2339
FEA,2340
AYK,2341
YKA,2342
YVQ,2343
VQI,2344
QIL,2345
ILD,2346
LDA,2347
DAH,2348
AHA,2349
TRM,2350
RMQ,2351
MQT,2352
QTQ,2353
ING,2354
NQG,2355
AND,2356
DGL,2357
LNF,2358
QYL,2359
LGK,2360
GKN,2361
KNE,2362
NER,2363
ERD,2364
IAI,2365
AIY,2366
IYA,2367
SKK,2368
EVV,2369
DGK,2370
KKK,2371
KKE,2372
KEC,2373
ECS,2374
CSS,2375
GKE,2376
ESC,2377
SCF,2378
CFC,2379
FCY,2380
CYF,2381
YFD,2382
FDC,2383
LQN,2384
QNH,2385
RIV,2386
QIE,2387
KPN,2388
PNT,2389
LPK,2390
VAT,2391
ISA,2392
KDI,2393
IGN,2394
FTS,2395
TSL,2396
LQH,2397
QHF,2398
FSF,2399
GTS,2400
EEG,2401
LGN,2402
GNA,2403
TYE,2404
YEI,2405
EIA,2406
IAP,2407
PVF,2408
VFV,2409
VLL,2410
LFY,2411
FYV,2412
KMR,2413
IED,2414
DSF,2415
SFK,2416
FKL,2417
EQK,2418
QKN,2419
KNT,2420
VAL,2421
ERW,2422
RWP,2423
WPR,2424
PRD,2425
RDG,2426
LLW,2427
LWL,2428
LFL,2429
LAI,2430
AIL,2431
LIW,2432
IWM,2433
WMY,2434
MYY,2435
YYH,2436
YHG,2437
HGQ,2438
GQR,2439
GED,2440
EDP,2441
PES,2442
ESF,2443
SFY,2444
FYR,2445
YRA,2446
RAF,2447
FSW,2448
SWE,2449
WEV,2450
EVL,2451
EAS,2452
LFE,2453
EDT,2454
DTN,2455
GPP,2456
PPG,2457
GER,2458
RGE,2459
GEQ,2460
HTP,2461
TPG,2462
GVH,2463
VHM,2464
MAS,2465
VYL,2466
TNV,2467
NVF,2468
VFL,2469
DSL,2470
SPR,2471
PRR,2472
RRA,2473
RAG,2474
GAK,2475
AKA,2476
GLS,2477
PGT,2478
LAP,2479
APD,2480
HVM,2481
VMP,2482
MPN,2483
PNW,2484
NWV,2485
WVR,2486
VRK,2487
RKV,2488
FID,2489
IDT,2490
TIP,2491
IPN,2492
KPI,2493
ITE,2494
TEA,2495
AAE,2496
ATT,2497
VPV,2498
ALG,2499
LGI,2500
GIG,2501
IGT,2502
TDS,2503
DSV,2504
IKC,2505
CDE,2506
DER,2507
RGP,2508
GPR,2509
PRL,2510
RAT,2511
ATR,2512
TRK,2513
RSQ,2514
SQP,2515
PRG,2516
RGR,2517
RRQ,2518
QAD,2519
DQL,2520
LQS,2521
QSS,2522
SSF,2523
SFE,2524
IVK,2525
KTG,2526
ERQ,2527
RQH,2528
QHG,2529
HGI,2530
GIH,2531
IHI,2532
HIQ,2533
IQG,2534
QGS,2535
GSD,2536
DPG,2537
PGG,2538
VRT,2539
RTA,2540
YDT,2541
DTY,2542
TYK,2543
YKC,2544
KCI,2545
ENP,2546
PNP,2547
NPT,2548
TCN,2549
NEN,2550
FPS,2551
PSF,2552
SFA,2553
FAG,2554
GLR,2555
RPT,2556
PTF,2557
TFD,2558
FDT,2559
DTR,2560
VFY,2561
FYN,2562
YNG,2563
NGA,2564
AYF,2565
FVS,2566
VSS,2567
SSG,2568
KYE,2569
YEG,2570
GNI,2571
NIY,2572
AQA,2573
QAA,2574
AVV,2575
VVR,2576
RFQ,2577
FQE,2578
AAN,2579
NKQ,2580
QKQ,2581
KQE,2582
PST,2583
STV,2584
TVK,2585
VKA,2586
EKI,2587
KII,2588
SRC,2589
CQV,2590
QVC,2591
VCM,2592
GFA,2593
FAK,2594
AAS,2595
SDS,2596
DSK,2597
ENT,2598
TIK,2599
IKI,2600
SGL,2601
SKE,2602
LYQ,2603
YQA,2604
QAQ,2605
AQY,2606
QYN,2607
NLF,2608
LFI,2609
FIY,2610
YNK,2611
KQL,2612
EAH,2613
QFH,2614
FHQ,2615
HQP,2616
VSH,2617
SHQ,2618
HQM,2619
QMR,2620
MRL,2621
LSQ,2622
IYE,2623
YEE,2624
EET,2625
ETR,2626
GVL,2627
LKV,2628
FLE,2629
IRS,2630
RSK,2631
KSI,2632
SIN,2633
THY,2634
HYA,2635
DTK,2636
TKK,2637
KKA,2638
LDE,2639
DEQ,2640
EQV,2641
QVK,2642
VKS,2643
SAI,2644
AIT,2645
KIY,2646
YVI,2647
IEG,2648
TSK,2649
QDL,2650
DLT,2651
TSF,2652
NEL,2653
ELF,2654
FKF,2655
FNR,2656
LHT,2657
HTK,2658
TKI,2659
KIS,2660
ILQ,2661
IIG,2662
YEK,2663
EDD,2664
DDY,2665
DYA,2666
YAR,2667
RET,2668
ETP,2669
TPY,2670
PYD,2671
IQK,2672
PSE,2673
ERY,2674
VVF,2675
NII,2676
IIL,2677
LIG,2678
DRG,2679
GEK,2680
ASP,2681
QPD,2682
PDA,2683
LQR,2684
QRL,2685
KKD,2686
DML,2687
MLG,2688
TGL,2689
LVQ,2690
CDV,2691
DVG,2692
SDW,2693
DWR,2694
WRF,2695
LRG,2696
RGY,2697
GYH,2698
YHQ,2699
HQY,2700
QYA,2701
YAY,2702
YDG,2703
VQA,2704
QAS,2705
ASN,2706
NGP,2707
GPL,2708
PLS,2709
LSA,2710
ASA,2711
SAL,2712
FNQ,2713
NQF,2714
QFG,2715
FGP,2716
GPN,2717
EES,2718
NTF,2719
GLQ,2720
AEM,2721
MKT,2722
KTD,2723
TLA,2724
NFW,2725
FWR,2726
NGR,2727
KTR,2728
TRI,2729
RIA,2730
IAY,2731
AYE,2732
VDP,2733
DPF,2734
LQT,2735
QTS,2736
TSQ,2737
QVY,2738
VYS,2739
YSL,2740
NAE,2741
VQT,2742
TAG,2743
AGI,2744
GIV,2745
YDI,2746
EDY,2747
DYD,2748
LCN,2749
CNS,2750
NST,2751
GDV,2752
FIM,2753
IMP,2754
MPA,2755
AHP,2756
HPV,2757
PVA,2758
VAI,2759
AIN,2760
INA,2761
NAS,2762
FEI,2763
EIF,2764
IFP,2765
FPK,2766
SSW,2767
SWP,2768
WPN,2769
VNL,2770
LLP,2771
FKE,2772
KEV,2773
LSY,2774
YQS,2775
QSK,2776
SKL,2777
GPM,2778
PMK,2779
MKW,2780
KWL,2781
WLE,2782
FKH,2783
HKF,2784
KFA,2785
FAE,2786
QKA,2787
AAQ,2788
QYP,2789
YPS,2790
MAT,2791
LPV,2792
PVQ,2793
VQR,2794
RHP,2795
HPR,2796
PRS,2797
FPE,2798
PEF,2799
EFS,2800
GIW,2801
IWT,2802
WTY,2803
TYD,2804
DGT,2805
GTK,2806
VSI,2807
GFW,2808
WLI,2809
LIL,2810
LVM,2811
MLV,2812
TKE,2813
RAM,2814
AMN,2815
MNR,2816
FAT,2817
TQQ,2818
QQF,2819
QFY,2820
FYH,2821
YHY,2822
VKP,2823
VIF,2824
EAF,2825
FSH,2826
SHI,2827
HIR,2828
VIK,2829
IKG,2830
GRH,2831
RHL,2832
HLI,2833
LIF,2834
IFC,2835
FCH,2836
CHS,2837
HSK,2838
KKC,2839
NDA,2840
RTE,2841
ATY,2842
DFL,2843
LRR,2844
RVQ,2845
VQE,2846
ELR,2847
INM,2848
NMQ,2849
MQK,2850
KNF,2851
FIS,2852
FDA,2853
QRF,2854
FDQ,2855
DQR,2856
QRS,2857
RSR,2858
RQF,2859
QFQ,2860
FQN,2861
QNL,2862
IIQ,2863
IQR,2864
LHG,2865
SLH,2866
HSY,2867
MGG,2868
GVA,2869
FGM,2870
GMP,2871
MPW,2872
PWL,2873
WLS,2874
VTE,2875
TET,2876
TRS,2877
RSS,2878
FSR,2879
VSG,2880
GSP,2881
SGF,2882
FHL,2883
HLD,2884
LDL,2885
VVG,2886
VGM,2887
GMG,2888
TQS,2889
QSV,2890
PVR,2891
VRC,2892
RCP,2893
CPA,2894
RQS,2895
FQD,2896
DTH,2897
THN,2898
NAH,2899
HYY,2900
YYV,2901
YVF,2902
FFE,2903
FEE,2904
QED,2905
FFD,2906
NKS,2907
KSN,2908
SNI,2909
NIK,2910
IKD,2911
KDQ,2912
SSE,2913
SEV,2914
PFR,2915
FRL,2916
LMH,2917
MHP,2918
HPQ,2919
PQP,2920
QPE,2921
QFK,2922
FKR,2923
KRE,2924
NLP,2925
PQQ,2926
QQC,2927
QCG,2928
CGL,2929
AWY,2930
QYT,2931
DAP,2932
APS,2933
KQG,2934
IAK,2935
LQM,2936
GAA,2937
GIE,2938
IEL,2939
TPW,2940
SQK,2941
QKD,2942
QRR,2943
AVD,2944
TYC,2945
YCR,2946
PGF,2947
FLG,2948
LEP,2949
LLD,2950
VHI,2951
HIP,2952
PYK,2953
TNC,2954
NCA,2955
CAT,2956
WLY,2957
YNQ,2958
NQI,2959
QIA,2960
QLK,2961
LKN,2962
KNH,2963
VDM,2964
MVR,2965
VRH,2966
RHR,2967
RIK,2968
EHM,2969
HML,2970
MLK,2971
YTQ,2972
SHR,2973
HRT,2974
EEL,2975
ISY,2976
SYI,2977
YIL,2978
NRH,2979
HDN,2980
DNQ,2981
NES,2982
YSN,2983
TFI,2984
FIN,2985
INN,2986
AYN,2987
YNM,2988
NMS,2989
MSI,2990
SIR,2991
RSM,2992
AVR,2993
VRE,2994
REA,2995
THG,2996
HGE,2997
KMK,2998
MKE,2999
ELS,3000
PRW,3001
RWY,3002
WYF,3003
YFY,3004
GQG,3005
PIN,3006
TNS,3007
GPD,3008
MKR,3009
LDN,3010
DNY,3011
NYR,3012
YRG,3013
GYS,3014
KLC,3015
LCP,3016
CPN,3017
PNN,3018
NLC,3019
LCC,3020
CCS,3021
CSQ,3022
SQW,3023
QWG,3024
WGW,3025
GWC,3026
WCG,3027
GST,3028
STD,3029
TDE,3030
DSQ,3031
SQE,3032
ELW,3033
LWM,3034
WMF,3035
MFV,3036
WVP,3037
KCH,3038
CHL,3039
HLT,3040
LTN,3041
IAC,3042
ACL,3043
GRS,3044
RSF,3045
FTL,3046
SET,3047
ETG,3048
KDY,3049
DYR,3050
RAY,3051
AYY,3052
YYT,3053
YTF,3054
NFM,3055
FMS,3056
NVG,3057
GDP,3058
FRM,3059
RMV,3060
VIS,3061
THQ,3062
HQD,3063
QDI,3064
IDF,3065
FLI,3066
LTR,3067
RSG,3068
SGG,3069
GAS,3070
SEP,3071
PHQ,3072
QSG,3073
SGQ,3074
QFW,3075
WRK,3076
RKF,3077
VYE,3078
KLP,3079
LKH,3080
HIL,3081
ILG,3082
GKA,3083
ARF,3084
IKL,3085
KLN,3086
IPQ,3087
PQS,3088
QSL,3089
LDS,3090
DSW,3091
SWW,3092
WWT,3093
WTS,3094
VAE,3095
EHV,3096
HVE,3097
PTV,3098
NTY,3099
YKH,3100
KHR,3101
HRL,3102
KRT,3103
RTM,3104
TMR,3105
MRP,3106
DYT,3107
YTG,3108
TGK,3109
GKI,3110
IMW,3111
MWT,3112
WTP,3113
AIF,3114
IFK,3115
QVN,3116
VNQ,3117
NQH,3118
QHK,3119
IEE,3120
GKQ,3121
GFF,3122
PDS,3123
SVN,3124
NVV,3125
VVK,3126
NDG,3127
PPQ,3128
QLT,3129
ENK,3130
NKG,3131
GGD,3132
DQG,3133
PYY,3134
YYL,3135
LSD,3136
SDI,3137
DIT,3138
ITD,3139
SLM,3140
LMC,3141
MCN,3142
SSM,3143
MQS,3144
RQR,3145
RKS,3146
KSV,3147
YET,3148
ETF,3149
TFS,3150
KIF,3151
IFQ,3152
QDY,3153
AIQ,3154
IQP,3155
PGC,3156
GCI,3157
CIG,3158
SLV,3159
LVK,3160
HSM,3161
SMR,3162
MRN,3163
RNS,3164
SKH,3165
KHG,3166
GLT,3167
ASH,3168
SHT,3169
HTR,3170
LSC,3171
SCD,3172
QSP,3173
PGE,3174
QVH,3175
HFQ,3176
FQP,3177
LPP,3178
VKL,3179
ACS,3180
APR,3181
PRK,3182
RQP,3183
QPI,3184
PKA,3185
DLQ,3186
LQV,3187
QVG,3188
VGQ,3189
GQV,3190
ELG,3191
LGG,3192
DYL,3193
LNH,3194
NHM,3195
KFK,3196
FKG,3197
KGK,3198
TSD,3199
ICA,3200
CAR,3201
ARQ,3202
RQD,3203
DPA,3204
GNC,3205
NCS,3206
FSD,3207
NAD,3208
EQP,3209
NPS,3210
EML,3211
MLF,3212
FNF,3213
NFL,3214
FLK,3215
KEQ,3216
QLN,3217
GLL,3218
LIH,3219
IHY,3220
HYS,3221
YSY,3222
SYD,3223
DVN,3224
QIG,3225
IGY,3226
GYY,3227
RRH,3228
HAS,3229
VFK,3230
NSP,3231
PLH,3232
LHQ,3233
HQE,3234
DSI,3235
SIV,3236
YKE,3237
EIS,3238
IRQ,3239
RQA,3240
QAG,3241
NHL,3242
HLY,3243
LYE,3244
TPI,3245
FNV,3246
GMI,3247
MIL,3248
FYF,3249
YFI,3250
GNN,3251
HKN,3252
GRW,3253
RWI,3254
SKF,3255
RRN,3256
LKY,3257
YIK,3258
SLN,3259
SVD,3260
CSE,3261
SEY,3262
EYP,3263
YPK,3264
FVI,3265
IHL,3266
AKV,3267
KVL,3268
LNY,3269
FTP,3270
TQK,3271
RKM,3272
MAG,3273
KLY,3274
LYK,3275
YKM,3276
AFM,3277
FML,3278
LAY,3279
AYP,3280
YPY,3281
VNE,3282
KSC,3283
SCN,3284
CNC,3285
NGS,3286
TKN,3287
TCI,3288
CIL,3289
QRP,3290
FGY,3291
YGG,3292
SDY,3293
DYK,3294
YKS,3295
SAH,3296
AHK,3297
KRR,3298
VYK,3299
KVY,3300
DFV,3301
RTH,3302
LYM,3303
YMG,3304
MGV,3305
LSG,3306
GIQ,3307
QLF,3308
LFD,3309
VSL,3310
PEW,3311
WVC,3312
VCT,3313
CTT,3314
TTF,3315
TFH,3316
FHT,3317
HTS,3318
VVH,3319
VHK,3320
MKS,3321
VAG,3322
AGY,3323
SYT,3324
DLF,3325
KNP,3326
NPY,3327
YKL,3328
LTY,3329
YCP,3330
CPV,3331
PVK,3332
IRV,3333
RIT,3334
ITT,3335
TTR,3336
TRR,3337
NGQ,3338
GQE,3339
EER,3340
ERA,3341
DIA,3342
ESQ,3343
VFN,3344
NSS,3345
SSI,3346
IMV,3347
MVL,3348
SFL,3349
AHV,3350
HVK,3351
VKI,3352
ITK,3353
TKL,3354
IDD,3355
KAK,3356
LHL,3357
VRL,3358
ELH,3359
LKI,3360
APL,3361
DWT,3362
WTG,3363
VLY,3364
YSF,3365
MLI,3366
GSC,3367
SCL,3368
CLE,3369
EFR,3370
FRA,3371
SPF,3372
MRM,3373
LMR,3374
RPL,3375
LSM,3376
SMD,3377
FKT,3378
ADF,3379
DFN,3380
RLP,3381
PEQ,3382
EQG,3383
DSP,3384
LKP,3385
GVY,3386
VYR,3387
YRS,3388
FYL,3389
NVQ,3390
TQE,3391
TRT,3392
FHF,3393
ARS,3394
RSA,3395
ILR,3396
GSV,3397
SVA,3398
VAH,3399
HKS,3400
QNR,3401
RFN,3402
INY,3403
NYN,3404
KQH,3405
QHE,3406
HET,3407
PHP,3408
VYV,3409
SND,3410
PPI,3411
AIR,3412
ANS,3413
MPM,3414
PMY,3415
MYI,3416
YKT,3417
KTF,3418
FDG,3419
RGA,3420
SKV,3421
PVI,3422
ARM,3423
RMM,3424
MME,3425
MEY,3426
EYG,3427
KQV,3428
VHP,3429
HPD,3430
DTG,3431
TGI,3432
GIS,3433
ISS,3434
AMG,3435
FYQ,3436
YQL,3437
QLD,3438
SGA,3439
GAW,3440
KRS,3441
RSH,3442
SHA,3443
HAE,3444
GNL,3445
KEY,3446
LNE,3447
NEI,3448
NLA,3449
LAK,3450
AKT,3451
LSN,3452
YSG,3453
SGT,3454
GEG,3455
EGN,3456
GNH,3457
NHI,3458
IEN,3459
NDP,3460
PLK,3461
KIK,3462
TSY,3463
SYG,3464
YGI,3465
IAR,3466
ARK,3467
KGD,3468
GDR,3469
ICD,3470
DEC,3471
ECH,3472
HST,3473
TSI,3474
HGT,3475
TSA,3476
AAI,3477
QLM,3478
MCS,3479
CSD,3480
VPC,3481
NID,3482
IYI,3483
NKH,3484
IDR,3485
QGP,3486
GPV,3487
LFS,3488
FDY,3489
DYN,3490
YNE,3491
KVD,3492
VDN,3493
DNL,3494
ERC,3495
RCC,3496
CCN,3497
NEF,3498
NSF,3499
KPF,3500
PFA,3501
AEY,3502
KSD,3503
KDA,3504
DAG,3505
SEI,3506
DHV,3507
HVV,3508
IVV,3509
VVV,3510
AKK,3511
TPK,3512
PKK,3513
RVV,3514
VGN,3515
LEV,3516
EVS,3517
IFI,3518
DVT,3519
VTN,3520
IPE,3521
LEW,3522
VAV,3523
GNK,3524
LKW,3525
GHP,3526
HPN,3527
PNV,3528
VRR,3529
RGD,3530
DSR,3531
SRG,3532
DLS,3533
NNF,3534
NFG,3535
SIM,3536
IMT,3537
MTT,3538
TTK,3539
VSF,3540
SFR,3541
KGL,3542
LFR,3543
LEN,3544
NQV,3545
VHR,3546
KKF,3547
KFD,3548
FDE,3549
QGY,3550
GYR,3551
YRV,3552
SSY,3553
EWQ,3554
WQV,3555
AEN,3556
NSD,3557
ITA,3558
TAY,3559
YAW,3560
WVV,3561
LGS,3562
PLM,3563
MLL,3564
NEG,3565
YNN,3566
NNN,3567
NNE,3568
NEA,3569
GNQ,3570
NQD,3571
DTQ,3572
QSD,3573
SDR,3574
QGR,3575
RQQ,3576
VTQ,3577
LTI,3578
TIT,3579
ITQ,3580
TQL,3581
HQW,3582
QWI,3583
YLQ,3584
GFS,3585
SRN,3586
LPG,3587
PAQ,3588
AQL,3589
LFQ,3590
QDS,3591
DIP,3592
PNI,3593
EGV,3594
TGF,3595
EKH,3596
KHL,3597
ETH,3598
THL,3599
RTI,3600
HAF,3601
HLF,3602
AHL,3603
HLL,3604
DTT,3605
TTQ,3606
GRF,3607
GGI,3608
GIA,3609
GGL,3610
EWI,3611
WIN,3612
INK,3613
KQT,3614
RKN,3615
MPR,3616
PRA,3617
ARY,3618
RYG,3619
YGL,3620
LVH,3621
VHV,3622
HVA,3623
NNY,3624
NYD,3625
YDP,3626
DPW,3627
PWT,3628
WTI,3629
DAI,3630
MQA,3631
QAM,3632
GME,3633
MEV,3634
EVG,3635
VGW,3636
GWY,3637
WYR,3638
YRP,3639
RPP,3640
PFS,3641
VHL,3642
LMT,3643
MTE,3644
TER,3645
VFR,3646
ASM,3647
SMA,3648
MAH,3649
AHN,3650
HNR,3651
GGT,3652
FSS,3653
FAI,3654
INW,3655
VRQ,3656
QAP,3657
APG,3658
PGQ,3659
CAE,3660
ELC,3661
CDP,3662
DPS,3663
SNK,3664
PGH,3665
GHL,3666
TSM,3667
SPH,3668
HVC,3669
VCG,3670
YVL,3671
EKT,3672
KTT,3673
LGW,3674
GWA,3675
WAT,3676
VGE,3677
MNY,3678
NYY,3679
YYG,3680
YGK,3681
QEN,3682
ENW,3683
NWY,3684
WYS,3685
AGR,3686
GRN,3687
RNF,3688
NFR,3689
FRN,3690
RNP,3691
NPL,3692
MLM,3693
MRT,3694
RTD,3695
TDP,3696
FRE,3697
DRF,3698
RFA,3699
AEQ,3700
VMS,3701
MSD,3702
TVG,3703
TKY,3704
KYG,3705
AKG,3706
KGV,3707
VEC,3708
ECP,3709
CPC,3710
PCN,3711
CNK,3712
LAM,3713
AMI,3714
IDE,3715
DEY,3716
EYH,3717
IVD,3718
SDF,3719
DFR,3720
AIA,3721
ANY,3722
NYH,3723
TFT,3724
FTD,3725
TDQ,3726
DQN,3727
QNN,3728
NQA,3729
QAL,3730
CFW,3731
FWY,3732
WYI,3733
EDN,3734
DKT,3735
KTI,3736
APY,3737
PYH,3738
YHF,3739
HFD,3740
FDL,3741
GAM,3742
AMA,3743
PVC,3744
VCA,3745
CAH,3746
AHR,3747
HRE,3748
TIV,3749
IVS,3750
SFG,3751
SLY,3752
LYA,3753
YAG,3754
FFY,3755
YFF,3756
FFT,3757
FTG,3758
TGS,3759
SSQ,3760
LEF,3761
AGC,3762
GCS,3763
CSG,3764
DII,3765
IIC,3766
CYY,3767
YYE,3768
KVI,3769
VIM,3770
DIL,3771
KKG,3772
EKG,3773
KGM,3774
MAA,3775
LPR,3776
LWK,3777
WKG,3778
SFI,3779
IMF,3780
SAG,3781
SEG,3782
RCT,3783
PRC,3784
RCV,3785
RLD,3786
DAC,3787
ACQ,3788
CQD,3789
QDQ,3790
MVA,3791
VWT,3792
WTQ,3793
QAF,3794
AFW,3795
FWK,3796
YPF,3797
LNL,3798
PPH,3799
PHR,3800
HRP,3801
THE,3802
HES,3803
YQE,3804
ELV,3805
EDA,3806
AFT,3807
FTE,3808
GAI,3809
AIV,3810
WDE,3811
DED,3812
DGA,3813
PVD,3814
VQW,3815
QWM,3816
WMN,3817
RGN,3818
NHV,3819
KGQ,3820
QPS,3821
PFV,3822
VGV,3823
KIN,3824
VGI,3825
HGN,3826
NKT,3827
DPK,3828
RIQ,3829
IQS,3830
SHK,3831
LPS,3832
GEV,3833
PQD,3834
QDR,3835
DRE,3836
REE,3837
GDI,3838
DIV,3839
IVI,3840
IYS,3841
YSK,3842
IIF,3843
FIF,3844
IFR,3845
FRR,3846
RRD,3847
SWY,3848
VNA,3849
TEP,3850
PER,3851
ERT,3852
GTY,3853
VPD,3854
VVC,3855
CAM,3856
MIE,3857
AQG,3858
SIP,3859
KPR,3860
QMC,3861
MCI,3862
CIT,3863
QYE,3864
RES,3865
SQA,3866
LDG,3867
VMT,3868
SKD,3869
KDC,3870
VNI,3871
EDK,3872
ILV,3873
FNM,3874
NMF,3875
TDN,3876
NVD,3877
VDQ,3878
GVV,3879
RPF,3880
PFE,3881
NVP,3882
KYQ,3883
MSL,3884
IRN,3885
RNE,3886
NEW,3887
EWG,3888
WGC,3889
CRC,3890
RCN,3891
DSS,3892
SYP,3893
YPL,3894
PLF,3895
DGI,3896
GIF,3897
FCS,3898
SSN,3899
GKV,3900
VTI,3901
QGG,3902
LPN,3903
FPL,3904
HLH,3905
LHA,3906
HAP,3907
APT,3908
GKS,3909
KST,3910
STK,3911
IPI,3912
PIM,3913
IMY,3914
MYL,3915
NPI,3916
LHF,3917
HFM,3918
ITV,3919
SCS,3920
CSV,3921
EGQ,3922
QVR,3923
NSI,3924
SIY,3925
NAA,3926
PAN,3927
VVD,3928
PSI,3929
IRH,3930
RHF,3931
RND,3932
NDY,3933
DYS,3934
SYW,3935
YWL,3936
TPA,3937
RVE,3938
AAC,3939
TTS,3940
SDG,3941
DGF,3942
NSM,3943
NRM,3944
MVN,3945
NHF,3946
HFI,3947
AEF,3948
EFK,3949
RKH,3950
PGM,3951
MVQ,3952
QIQ,3953
SVC,3954
CME,3955
MEC,3956
ECQ,3957
LRH,3958
RHN,3959
HNP,3960
NPG,3961
SSA,3962
SAV,3963
SYF,3964
YFQ,3965
IKM,3966
KMG,3967
MGA,3968
QIY,3969
YSA,3970
DLI,3971
LKG,3972
GKF,3973
SKT,3974
ASI,3975
SLC,3976
CAD,3977
RMY,3978
MYG,3979
YGV,3980
DES,3981
ESE,3982
SED,3983
GPT,3984
PTH,3985
LDM,3986
DMA,3987
KAD,3988
ADE,3989
DEK,3990
KFW,3991
FWG,3992
WGK,3993
IQY,3994
VLI,3995
LTV,3996
ILP,3997
GID,3998
TTY,3999
PVE,4000
LET,4001
MRS,4002
RSP,4003
QDV,4004
DVH,4005
REW,4006
EWL,4007
DKL,4008
TNA,4009
AHF,4010
HFK,4011
GNV,4012
INE,4013
DFD,4014
FDS,4015
VID,4016
IDC,4017
DCN,4018
CNT,4019
NTC,4020
CVT,4021
TQT,4022
TVD,4023
VDF,4024
SAK,4025
GTA,4026
SHV,4027
HVS,4028
PSW,4029
SWG,4030
WGL,4031
TYY,4032
YYY,4033
DEN,4034
KKW,4035
WDP,4036
RFS,4037
WGA,4038
GAE,4039
DNS,4040
AFF,4041
FFS,4042
SFC,4043
FCE,4044
CES,4045
KQI,4046
QIS,4047
KGP,4048
IDQ,4049
EKQ,4050
DLA,4051
LAF,4052
FPG,4053
MSE,4054
SLA,4055
IYT,4056
YTS,4057
FWC,4058
WCL,4059
CLV,4060
RIG,4061
FYP,4062
YPE,4063
PEL,4064
FRQ,4065
SEF,4066
EGW,4067
GWK,4068
WKA,4069
SYS,4070
MSS,4071
AAM,4072
AMT,4073
PQK,4074
QKS,4075
IGM,4076
GMD,4077
DVA,4078
EFF,4079
FRS,4080
LTW,4081
TWH,4082
HRY,4083
RYH,4084
YHL,4085
WEK,4086
FRF,4087
RFH,4088
FHP,4089
HPE,4090
PEH,4091
HFL,4092
FLD,4093
QGH,4094
GHF,4095
CDK,4096
KAQ,4097
ENI,4098
EDI,4099
FGS,4100
VIQ,4101
REK,4102
NGE,4103
GDD,4104
DDV,4105
DHE,4106
HED,4107
DFQ,4108
FQG,4109
AKW,4110
GAT,4111
TRE,4112
RER,4113
SLW,4114
LWI,4115
IFS,4116
PSA,4117
AYI,4118
YYC,4119
YCS,4120
RNY,4121
YGS,4122
YAN,4123
RKI,4124
LKF,4125
IFN,4126
FNT,4127
GLK,4128
QNF,4129
NFP,4130
TII,4131
ANL,4132
NLM,4133
LMA,4134
MAL,4135
DCI,4136
CIR,4137
IRP,4138
RPC,4139
FWV,4140
LVR,4141
HIW,4142
IWC,4143
WCE,4144
CED,4145
FLV,4146
EPF,4147
PFQ,4148
QGL,4149
EKR,4150
PLD,4151
CHG,4152
EPC,4153
CII,4154
IHR,4155
HRG,4156
LDC,4157
CSL,4158
PPT,4159
PTD,4160
CHQ,4161
FRV,4162
VTC,4163
CKD,4164
DIQ,4165
QRI,4166
EEW,4167
HSF,4168
FYE,4169
YEL,4170
ELY,4171
IAM,4172
AMQ,4173
IAH,4174
FII,4175
IGC,4176
GCN,4177
CNP,4178
FVV,4179
VPG,4180
PYA,4181
MIF,4182
FQH,4183
NVA,4184
RGW,4185
WKH,4186
KHW,4187
HWV,4188
WVY,4189
YTC,4190
TCC,4191
CPD,4192
SFF,4193
FFC,4194
FCK,4195
KCS,4196
CSY,4197
FYT,4198
YTP,4199
TPM,4200
PMS,4201
MSR,4202
SRR,4203
RRE,4204
IMG,4205
MGN,4206
GNW,4207
NWE,4208
WEN,4209
ENH,4210
NHW,4211
WIY,4212
IYW,4213
YWV,4214
WVG,4215
ESW,4216
SWS,4217
WSY,4218
IVE,4219
KQS,4220
AWG,4221
WGG,4222
NIT,4223
ITL,4224
KMF,4225
MFP,4226
YST,4227
TDI,4228
DIF,4229
IFF,4230
RNN,4231
NHP,4232
QNT,4233
NTS,4234
CTD,4235
HHP,4236
HPA,4237
ART,4238
TAH,4239
HYG,4240
KSH,4241
ANH,4242
DCF,4243
CFI,4244
VDA,4245
PSV,4246
GIN,4247
INH,4248
NHE,4249
HEK,4250
YNS,4251
DVY,4252
YAP,4253
ITS,4254
TDT,4255
NLD,4256
DYQ,4257
YQI,4258
YIC,4259
ICS,4260
SGV,4261
VFG,4262
FGD,4263
GDN,4264
PRI,4265
NRK,4266
KSF,4267
SFN,4268
EYV,4269
MRE,4270
REI,4271
IGW,4272
GWP,4273
WPG,4274
YRD,4275
RDS,4276
IPH,4277
PHA,4278
ACH,4279
FRK,4280
EPG,4281
GDT,4282
IFE,4283
GHT,4284
HTV,4285
TVC,4286
VCL,4287
CLS,4288
GFM,4289
FMG,4290
MGI,4291
FSG,4292
LVF,4293
PPL,4294
EWN,4295
WND,4296
NDN,4297
DNT,4298
NTV,4299
VYQ,4300
QPF,4301
PFP,4302
IGQ,4303
RPE,4304
ARP,4305
RPA,4306
RLR,4307
LRF,4308
DRN,4309
NDL,4310
RAI,4311
KGI,4312
IRD,4313
RDK,4314
KGA,4315
FVK,4316
VKR,4317
RVK,4318
WRM,4319
RMH,4320
MHL,4321
LFT,4322
RTT,4323
TTH,4324
ANW,4325
NWD,4326
WDQ,4327
RMK,4328
ADC,4329
DCA,4330
CAV,4331
VGF,4332
PNY,4333
NYL,4334
AML,4335
VKF,4336
DDG,4337
DGD,4338
QDN,4339
PAT,4340
TPS,4341
PTP,4342
ADN,4343
AHE,4344
VTD,4345
TDF,4346
QRN,4347
RNQ,4348
LQW,4349
QWV,4350
FDR,4351
EIL,4352
ILA,4353
ANF,4354
NFV,4355
QVV,4356
VWD,4357
WDY,4358
LCS,4359
CST,4360
SQI,4361
QIF,4362
SVM,4363
KPE,4364
RYQ,4365
KDK,4366
NPQ,4367
LQA,4368
DSH,4369
SHY,4370
YDY,4371
YTI,4372
TIC,4373
YHS,4374
HSG,4375
YYR,4376
RPN,4377
KGS,4378
VKY,4379
LYC,4380
CKA,4381
VIC,4382
TKQ,4383
KQY,4384
YTR,4385
RRC,4386
TTC,4387
KRG,4388
NYC,4389
CRH,4390
HNY,4391
CNL,4392
NLS,4393
NFS,4394
YTK,4395
SRY,4396
RYV,4397
YVN,4398
VNW,4399
NWI,4400
WIE,4401
MAF,4402
PLT,4403
IAD,4404
DPI,4405
PIC,4406
CTF,4407
EHR,4408
HRM,4409
RMT,4410
MTW,4411
TWD,4412
AQP,4413
QPP,4414
RDL,4415
KTA,4416
TAN,4417
ILK,4418
TLF,4419
FST,4420
STY,4421
TYA,4422
SAD,4423
QSI,4424
SIA,4425
LMV,4426
VAQ,4427
QAI,4428
GPE,4429
PKS,4430
VVQ,4431
DCD,4432
DCM,4433
CMG,4434
LNT,4435
GRE,4436
ETV,4437
IEY,4438
QYS,4439
YSR,4440
QQQ,4441
QQA,4442
SQM,4443
QMG,4444
MGF,4445
RTY,4446
TYI,4447
VLR,4448
GDA,4449
DMT,4450
EGP,4451
RSE,4452
DDN,4453
TQR,4454
QRQ,4455
RYS,4456
YSV,4457
GQW,4458
QWR,4459
EEM,4460
EMD,4461
MDK,4462
EYC,4463
SPD,4464
PDH,4465
DHN,4466
HNC,4467
NCQ,4468
DYP,4469
PLQ,4470
QQT,4471
QTY,4472
FGG,4473
TRN,4474
LMG,4475
VKD,4476
SIK,4477
KDS,4478
TYF,4479
KNY,4480
NYQ,4481
YEY,4482
INV,4483
RRY,4484
EST,4485
QGQ,4486
HLQ,4487
NEQ,4488
EQW,4489
WVD,4490
GVN,4491
VNR,4492
NRG,4493
GTR,4494
LDF,4495
DFH,4496
FHD,4497
HDS,4498
SHN,4499
HNF,4500
NFT,4501
DEH,4502
GNE,4503
FAQ,4504
EGI,4505
SYY,4506
KDD,4507
DDL,4508
KKV,4509
DDI,4510
DIM,4511
IMC,4512
MCV,4513
SQD,4514
QDE,4515
NPV,4516
KSK,4517
CLC,4518
FAN,4519
NHS,4520
SGR,4521
IDS,4522
FNH,4523
HPL,4524
KLD,4525
NKN,4526
YLT,4527
ITR,4528
APK,4529
EAM,4530
LVY,4531
YES,4532
YHV,4533
HVY,4534
YEV,4535
HRK,4536
LRD,4537
RDN,4538
DNI,4539
KYY,4540
YYA,4541
YAD,4542
FIL,4543
GEE,4544
VCP,4545
CPF,4546
RYT,4547
TFE,4548
NFQ,4549
FQA,4550
AIS,4551
EIY,4552
EYN,4553
FRH,4554
EEC,4555
ECK,4556
CKC,4557
VSK,4558
TVY,4559
YFG,4560
GFD,4561
FDK,4562
QHL,4563
HLC,4564
LCG,4565
CGP,4566
GPH,4567
TEM,4568
EMS,4569
LSH,4570
RKY,4571
VAR,4572
MVE,4573
PNH,4574
NHY,4575
HYK,4576
YKG,4577
DFT,4578
FTY,4579
IIY,4580
FKI,4581
KIE,4582
VTK,4583
ISE,4584
RCG,4585
CGK,4586
GKH,4587
KHQ,4588
HQA,4589
TDV,4590
VTF,4591
HFH,4592
FHM,4593
HMD,4594
MDY,4595
DYG,4596
KQQ,4597
QQR,4598
QRD,4599
RDT,4600
TLS,4601
STQ,4602
KET,4603
DNE,4604
RMS,4605
WEI,4606
EFA,4607
ICF,4608
CFS,4609
FSP,4610
LEH,4611
EHP,4612
HPI,4613
SWD,4614
LCR,4615
RHK,4616
HKR,4617
RKQ,4618
PEE,4619
SII,4620
IFH,4621
HPP,4622
PPN,4623
NVH,4624
QQS,4625
ERL,4626
GMM,4627
MMH,4628
MHM,4629
HMI,4630
GAN,4631
PDG,4632
NTP,4633
TPQ,4634
PQF,4635
SQS,4636
SNS,4637
MEW,4638
EWA,4639
QAR,4640
INQ,4641
TVS,4642
NKR,4643
REN,4644
ENF,4645
CAN,4646
HEI,4647
GCH,4648
VTT,4649
NDW,4650
DWV,4651
TCR,4652
KMD,4653
MDE,4654
DVL,4655
YYK,4656
LSE,4657
DLD,4658
KLW,4659
LWN,4660
WNT,4661
AEC,4662
CKY,4663
NRY,4664
RYN,4665
NYF,4666
IDV,4667
VFH,4668
KAS,4669
SID,4670
PGI,4671
IDP,4672
NAC,4673
LKD,4674
YVA,4675
EPM,4676
PMI,4677
MIG,4678
IGV,4679
STW,4680
TWY,4681
WYG,4682
TGA,4683
ESP,4684
DQD,4685
DPD,4686
PDC,4687
CLF,4688
FTK,4689
TKG,4690
ADL,4691
REP,4692
EPQ,4693
QAW,4694
AWC,4695
WCR,4696
CRP,4697
QSW,4698
SWT,4699
RML,4700
IFD,4701
ANR,4702
NRT,4703
LPY,4704
IAT,4705
NEY,4706
TVW,4707
VWA,4708
WAR,4709
LMP,4710
PMN,4711
MNM,4712
API,4713
DRC,4714
ITF,4715
ETK,4716
DQH,4717
QHN,4718
EFI,4719
FGQ,4720
DLN,4721
THP,4722
PEI,4723
IYL,4724
YLF,4725
FKK,4726
DEA,4727
AVW,4728
HLV,4729
GRT,4730
FEG,4731
NKF,4732
KFT,4733
FTI,4734
QLG,4735
TLM,4736
IRY,4737
RYK,4738
CPR,4739
DLM,4740
MGS,4741
GSR,4742
SRS,4743
RSN,4744
SNF,4745
NFD,4746
DST,4747
AQI,4748
ITM,4749
TML,4750
TNG,4751
GQC,4752
QCQ,4753
CQN,4754
VST,4755
MTG,4756
ADM,4757
DMN,4758
MNE,4759
ENY,4760
EDQ,4761
PDM,4762
DMM,4763
MMR,4764
MRY,4765
YGQ,4766
GQL,4767
YDS,4768
NIG,4769
PFY,4770
YLR,4771
QQY,4772
QYI,4773
YID,4774
TAP,4775
APN,4776
QVT,4777
KPV,4778
PVL,4779
QKY,4780
KYM,4781
YMQ,4782
MQI,4783
QIV,4784
IVR,4785
TGY,4786
FQK,4787
KMV,4788
PKL,4789
QHS,4790
HSI,4791
NKW,4792
KWS,4793
WSV,4794
PVS,4795
SPM,4796
PMR,4797
YIM,4798
IMH,4799
MHG,4800
TIN,4801
NTE,4802
AFI,4803
ETI,4804
PYG,4805
YGD,4806
DSM,4807
EYY,4808
KMI,4809
RST,4810
TMK,4811
MKP,4812
DSD,4813
KQF,4814
TGW,4815
GWV,4816
WVK,4817
KDG,4818
DTW,4819
NYK,4820
YKQ,4821
DKC,4822
KCV,4823
TNY,4824
KRF,4825
RFM,4826
FMK,4827
NIN,4828
ETS,4829
SVQ,4830
IDY,4831
DYF,4832
FTV,4833
VMH,4834
MHF,4835
ADR,4836
IQA,4837
TIE,4838
QDA,4839
SRT,4840
MHW,4841
LDD,4842
DEG,4843
IPG,4844
MYA,4845
YAM,4846
AMM,4847
MMI,4848
MIA,4849
RFK,4850
FKM,4851
HHQ,4852
HQR,4853
LFM,4854
FMV,4855
RVP,4856
SHD,4857
RDA,4858
VPM,4859
PMP,4860
MPV,4861
QWQ,4862
WQT,4863
TIH,4864
IHN,4865
SVT,4866
DFK,4867
KNN,4868
FVF,4869
FLQ,4870
YML,4871
ALH,4872
HQF,4873
QFR,4874
YAI,4875
EGC,4876
GCP,4877
FNY,4878
RDV,4879
DVQ,4880
IEC,4881
NWS,4882
WSA,4883
SAM,4884
AMP,4885
MPS,4886
SCK,4887
EVR,4888
YFP,4889
IER,4890
LGQ,4891
GQD,4892
AYR,4893
RRW,4894
RWR,4895
WRR,4896
TMT,4897
MTA,4898
CDC,4899
CDD,4900
KFY,4901
AII,4902
IHV,4903
HVL,4904
VLH,4905
HSR,4906
IGP,4907
FDM,4908
PCY,4909
CYS,4910
KIV,4911
APM,4912
QWF,4913
WFR,4914
DKW,4915
KWI,4916
VWR,4917
WRI,4918
RID,4919
EEY,4920
PNQ,4921
HVG,4922
GQS,4923
QSA,4924
NPD,4925
DDE,4926
EVH,4927
GNG,4928
GPC,4929
PCL,4930
ENR,4931
NRS,4932
ADY,4933
DYY,4934
YCQ,4935
CQQ,4936
PSR,4937
RSD,4938
YIN,4939
SPI,4940
PII,4941
IEH,4942
HDP,4943
IEQ,4944
YAQ,4945
AQR,4946
ADS,4947
VKG,4948
RFT,4949
PGY,4950
GYP,4951
YPI,4952
EAE,4953
KAY,4954
AYG,4955
YIW,4956
IWE,4957
EGH,4958
HAL,4959
PIA,4960
SGH,4961
DVR,4962
RIW,4963
IWP,4964
WPL,4965
YYN,4966
ASY,4967
SYN,4968
DRP,4969
RPM,4970
TLH,4971
HGP,4972
YTY,4973
LCL,4974
NKD,4975
DNN,4976
HFA,4977
TNM,4978
KIC,4979
ATC,4980
CIN,4981
GVC,4982
VCW,4983
CWT,4984
WTV,4985
HGA,4986
WAY,4987
YQY,4988
GWL,4989
WLQ,4990
HNW,4991
WVN,4992
SAR,4993
ARD,4994
YVV,4995
DRS,4996
FHY,4997
HYP,4998
YPN,4999
CGQ,5000
APC,5001
MIS,5002
ISH,5003
HIF,5004
FFI,5005
ATW,5006
TWT,5007
WTT,5008
VRP,5009
RPI,5010
DYH,5011
HTL,5012
FSA,5013
RAC,5014
VNN,5015
NNT,5016
NTD,5017
NFH,5018
FHS,5019
TFR,5020
IIN,5021
YYM,5022
MQQ,5023
QYQ,5024
YQN,5025
MDT,5026
KLV,5027
GAH,5028
GEY,5029
STR,5030
ETQ,5031
QLY,5032
YCG,5033
GGM,5034
MEL,5035
TRD,5036
DPT,5037
WET,5038
VCD,5039
CDS,5040
DRR,5041
CQS,5042
QSQ,5043
RAN,5044
PCE,5045
CEQ,5046
GAR,5047
GIK,5048
TWA,5049
WAD,5050
DFY,5051
NVM,5052
MTF,5053
TFN,5054
IYF,5055
RTS,5056
AFH,5057
RIH,5058
YAV,5059
AFQ,5060
PFM,5061
MKA,5062
AVC,5063
VCV,5064
PDI,5065
DIY,5066
IYK,5067
YQF,5068
VIT,5069
WRA,5070
FMR,5071
TGH,5072
QTE,5073
QNW,5074
NWW,5075
SFH,5076
HTN,5077
FNE,5078
EIR,5079
IHA,5080
HAQ,5081
AQQ,5082
KEP,5083
WSP,5084
SPC,5085
PCS,5086
GIY,5087
YRF,5088
RFV,5089
RCI,5090
CIY,5091
ESV,5092
AIG,5093
GFI,5094
LSW,5095
SWQ,5096
WQK,5097
WFI,5098
PQI,5099
SIT,5100
TRA,5101
FGR,5102
QIT,5103
ERK,5104
LHH,5105
HHH,5106
ELM,5107
LMM,5108
MMD,5109
MDQ,5110
PKY,5111
KQN,5112
FGI,5113
CLG,5114
RME,5115
AQD,5116
PVN,5117
NWK,5118
WKP,5119
FAY,5120
GSF,5121
SFV,5122
VNP,5123
LQC,5124
QCS,5125
GYA,5126
SKI,5127
IQT,5128
WPA,5129
SNR,5130
NRE,5131
YTA,5132
KRC,5133
GGQ,5134
GQI,5135
YYP,5136
TFY,5137
FYA,5138
APP,5139
PYS,5140
NRQ,5141
RQV,5142
KQR,5143
HYE,5144
CSC,5145
SCY,5146
CYP,5147
YPD,5148
TGT,5149
TVM,5150
VPE,5151
RDR,5152
PLW,5153
GNM,5154
NMN,5155
MNI,5156
ESA,5157
PKN,5158
NET,5159
IVW,5160
VWV,5161
KDH,5162
DHI,5163
DDW,5164
DWE,5165
IDM,5166
DMI,5167
MIV,5168
HIT,5169
EVF,5170
FND,5171
DNK,5172
MEA,5173
IVN,5174
HNI,5175
IHD,5176
PDK,5177
SHC,5178
CCA,5179
CAF,5180
QAC,5181
MNA,5182
NAW,5183
VAW,5184
AWR,5185
WRN,5186
RNR,5187
NRC,5188
RCK,5189
CKG,5190
THS,5191
TRY,5192
SIQ,5193
ITP,5194
TPD,5195
DPH,5196
PHE,5197
DPV,5198
SRH,5199
HDH,5200
HIH,5201
IHH,5202
IYY,5203
DFS,5204
TVN,5205
EGM,5206
GMQ,5207
MQF,5208
QFD,5209
YIS,5210
QLS,5211
TWP,5212
TTP,5213
PEY,5214
EYW,5215
YWE,5216
NCE,5217
YRT,5218
QCL,5219
CLD,5220
KYA,5221
AVF,5222
FVD,5223
PAY,5224
MNS,5225
WKY,5226
AQK,5227
TTG,5228
GDY,5229
ICG,5230
SMI,5231
MID,5232
EGL,5233
EHH,5234
HHD,5235
TQN,5236
ANP,5237
NQL,5238
SPN,5239
TQW,5240
QWE,5241
FMA,5242
NNP,5243
NPF,5244
YGN,5245
FYM,5246
YMF,5247
MFE,5248
KMH,5249
MHE,5250
HEH,5251
EHS,5252
HSE,5253
KWE,5254
WED,5255
DKR,5256
YVM,5257
VMV,5258
MVT,5259
SRM,5260
MEE,5261
LWD,5262
EIM,5263
IMD,5264
MDI,5265
DIN,5266
HSH,5267
EMV,5268
VFD,5269
PQH,5270
QHT,5271
NVC,5272
VCF,5273
TLR,5274
WVT,5275
HSW,5276
WSS,5277
GHM,5278
YME,5279
MED,5280
NRD,5281
NPR,5282
EPR,5283
ARW,5284
RWM,5285
WME,5286
NSY,5287
SYE,5288
SMS,5289
MSV,5290
EVI,5291
MTR,5292
EFQ,5293
FQR,5294
EFL,5295
LYV,5296
NGH,5297
GHV,5298
VTM,5299
MDN,5300
EWT,5301
VME,5302
VSY,5303
YVH,5304
DQF,5305
FEF,5306
VNV,5307
IGA,5308
ACM,5309
CMA,5310
MAR,5311
SNY,5312
AMH,5313
HFG,5314
GKC,5315
YQW,5316
WIL,5317
QAV,5318
KTE,5319
TES,5320
NYS,5321
IPR,5322
NVT,5323
TSN,5324
FIH,5325
HIY,5326
PIK,5327
EAQ,5328
QYC,5329
CQL,5330
QRG,5331
TRC,5332
YGM,5333
MQV,5334
GEC,5335
CKE,5336
FLY,5337
GYF,5338
MTL,5339
KNS,5340
FQL,5341
MGL,5342
YGR,5343
MKD,5344
LMQ,5345
YGE,5346
YGC,5347
MNP,5348
QKI,5349
IIT,5350
ITI,5351
TIG,5352
GSI,5353
CKM,5354
KME,5355
MEK,5356
AMS,5357
GMY,5358
MYP,5359
YPV,5360
EIW,5361
IWH,5362
WHP,5363
KYH,5364
YHP,5365
PDV,5366
LMN,5367
EFH,5368
YFA,5369
PFH,5370
IHP,5371
EYS,5372
SYC,5373
YCA,5374
CAP,5375
AGW,5376
GWQ,5377
WQC,5378
QCA,5379
TRP,5380
RPY,5381
PYR,5382
YRY,5383
RYP,5384
YPR,5385
PRV,5386
GCK,5387
CKV,5388
GFH,5389
QIW,5390
IWI,5391
WID,5392
DHC,5393
HCS,5394
SML,5395
AWS,5396
SAC,5397
CHD,5398
DGM,5399
CKI,5400
IEP,5401
KNR,5402
TIR,5403
EPA,5404
KTP,5405
QTH,5406
HQS,5407
KSY,5408
FYY,5409
TGP,5410
YFT,5411
TWS,5412
WRQ,5413
NMV,5414
MVG,5415
KWC,5416
WCA,5417
PDW,5418
DWI,5419
WIH,5420
HID,5421
TPF,5422
SMP,5423
VNT,5424
IFV,5425
TFQ,5426
DGQ,5427
AGM,5428
MIP,5429
LRS,5430
KFH,5431
FHR,5432
HRH,5433
HGY,5434
GYE,5435
AAK,5436
IFM,5437
SNE,5438
IVA,5439
WPS,5440
YRK,5441
FHG,5442
DVM,5443
VMN,5444
LQY,5445
QYV,5446
KVK,5447
QVQ,5448
EQI,5449
KRY,5450
MTH,5451
THF,5452
SQN,5453
QNG,5454
GLM,5455
MMA,5456
HWS,5457
APH,5458
FYK,5459
YKN,5460
IWL,5461
WLV,5462
FVN,5463
GHI,5464
IMK,5465
MKN,5466
NHQ,5467
RWT,5468
AQM,5469
QMD,5470
MDF,5471
LNM,5472
NMP,5473
MPL,5474
LYI,5475
IKW,5476
EGE,5477
NQQ,5478
QQG,5479
NML,5480
HPK,5481
RQM,5482
AMR,5483
MRA,5484
GTH,5485
KNC,5486
NCF,5487
CFL,5488
LYF,5489
KIG,5490
IGK,5491
LIQ,5492
EYT,5493
YAK,5494
CWV,5495
VAM,5496
MTP,5497
RHI,5498
SVH,5499
VHG,5500
QQW,5501
WFK,5502
FSY,5503
ACN,5504
YEC,5505
ECG,5506
CGG,5507
YIR,5508
RYC,5509
YCV,5510
RKR,5511
DQP,5512
RPR,5513
DNF,5514
AVH,5515
VHA,5516
EIN,5517
RYM,5518
MGK,5519
HIN,5520
QWL,5521
NIC,5522
ICC,5523
CCK,5524
CKF,5525
CMK,5526
SEW,5527
WVL,5528
QTP,5529
MLD,5530
LDH,5531
DHS,5532
LNV,5533
KSP,5534
EVW,5535
WGD,5536
EQA,5537
QQV,5538
YYS,5539
ANT,5540
DKM,5541
DEP,5542
ANE,5543
NED,5544
IGI,5545
VTG,5546
GMF,5547
PRH,5548
CSA,5549
VVM,5550
VMK,5551
HNM,5552
NMM,5553
MMG,5554
RRT,5555
TNQ,5556
TQP,5557
SAP,5558
TMV,5559
MVS,5560
NCY,5561
CYL,5562
RMG,5563
IKH,5564
LQF,5565
FEK,5566
IEM,5567
EMF,5568
MFY,5569
QMT,5570
AHQ,5571
HQN,5572
QAT,5573
CHH,5574
HHL,5575
VQF,5576
QFA,5577
SFW,5578
WLR,5579
VPK,5580
PKV,5581
ECW,5582
CWC,5583
WCP,5584
PFG,5585
IVH,5586
FEW,5587
EWK,5588
WKF,5589
PYL,5590
VAY,5591
RAQ,5592
MAQ,5593
GTE,5594
MNV,5595
VIR,5596
IRE,5597
ISC,5598
CSH,5599
EIC,5600
ICP,5601
KRD,5602
PDE,5603
QGN,5604
QRM,5605
YYF,5606
YQQ,5607
WLA,5608
HHN,5609
TEI,5610
KDP,5611
TKH,5612
KHA,5613
ANV,5614
RHT,5615
VLF,5616
CLA,5617
VLW,5618
LWV,5619
GTC,5620
QEF,5621
DNR,5622
MKM,5623
GSQ,5624
PLC,5625
CVR,5626
VRM,5627
RMD,5628
AIM,5629
ECL,5630
QHA,5631
HAM,5632
AMF,5633
MFG,5634
FGN,5635
GND,5636
NDT,5637
TCT,5638
VGP,5639
PGR,5640
RWD,5641
AQN,5642
IDW,5643
DWA,5644
GTW,5645
INP,5646
GYT,5647
RTV,5648
NDR,5649
RSV,5650
VFQ,5651
QPM,5652
KCL,5653
NYI,5654
ITY,5655
TYH,5656
VMQ,5657
MQR,5658
GDH,5659
DDC,5660
CIA,5661
PTT,5662
WSW,5663
WPD,5664
WVS,5665
AGH,5666
GHG,5667
HGK,5668
YLH,5669
AQH,5670
QTW,5671
WEG,5672
PCV,5673
CVG,5674
WAV,5675
SCT,5676
CTQ,5677
RDM,5678
CNN,5679
WYT,5680
TYM,5681
YSP,5682
IWR,5683
WRD,5684
FAH,5685
HEA,5686
KMM,5687
MES,5688
SFQ,5689
QDG,5690
MWP,5691
WPF,5692
NTK,5693
DRQ,5694
NSN,5695
FVH,5696
LFH,5697
FHE,5698
HEF,5699
HWF,5700
WFV,5701
NFY,5702
LWS,5703
WSR,5704
HRS,5705
GWE,5706
WEF,5707
EHK,5708
LMI,5709
LGC,5710
GCL,5711
SPT,5712
MLS,5713
NDD,5714
TFV,5715
LCF,5716
CFG,5717
NHG,5718
MNK,5719
LDT,5720
TWF,5721
MIT,5722
TKD,5723
EQY,5724
LEM,5725
EMA,5726
TFP,5727
AFR,5728
RHY,5729
NGY,5730
GYQ,5731
YHA,5732
YEF,5733
MYK,5734
LFF,5735
IHK,5736
KVH,5737
HLA,5738
DHQ,5739
HQL,5740
PAF,5741
DWD,5742
WDF,5743
FNP,5744
QFF,5745
FFQ,5746
FQF,5747
PKQ,5748
ECF,5749
ERP,5750
VYI,5751
NPP,5752
FEC,5753
CPS,5754
RFG,5755
PHK,5756
FYI,5757
CSN,5758
SEN,5759
PHG,5760
WSG,5761
PPE,5762
FEQ,5763
YNW,5764
QPQ,5765
VHH,5766
HQK,5767
VRN,5768
NSW,5769
WDT,5770
TNW,5771
NWG,5772
YGY,5773
IMM,5774
KWF,5775
PNG,5776
EYR,5777
YRI,5778
IML,5779
FES,5780
SNM,5781
RSY,5782
PIE,5783
IES,5784
MAI,5785
VEP,5786
DPM,5787
ERH,5788
KVC,5789
VCE,5790
CEF,5791
QFC,5792
NCV,5793
AKM,5794
KMT,5795
CNG,5796
FNC,5797
WEC,5798
RCS,5799
CGE,5800
FPP,5801
NYM,5802
YMN,5803
MNL,5804
GKT,5805
QTM,5806
TMA,5807
IHQ,5808
HQI,5809
KNM,5810
GMS,5811
MSW,5812
WFS,5813
FSQ,5814
LYY,5815
TMN,5816
MNN,5817
NNK,5818
HWL,5819
HKE,5820
KEW,5821
EWF,5822
WFH,5823
EFY,5824
IGE,5825
MKG,5826
LPD,5827
KPS,5828
HFT,5829
CTL,5830
GHR,5831
RGM,5832
HGF,5833
HRD,5834
IGR,5835
RFF,5836
FFG,5837
QPY,5838
PYN,5839
IAW,5840
AWF,5841
EPP,5842
NHH,5843
IYP,5844
HSA,5845
HYW,5846
YWT,5847
HQV,5848
LHE,5849
HYH,5850
HTQ,5851
EQC,5852
QCC,5853
MQY,5854
SME,5855
MEQ,5856
FFF,5857
YGF,5858
RDF,5859
KRM,5860
TAW,5861
AWD,5862
HGC,5863
HGD,5864
WML,5865
NME,5866
RRM,5867
DEF,5868
EFT,5869
FAR,5870
CQI,5871
QRY,5872
PDF,5873
NMT,5874
RGQ,5875
GQH,5876
VCH,5877
CHC,5878
HCL,5879
GCW,5880
CWL,5881
GLH,5882
WNR,5883
CVA,5884
QND,5885
RTQ,5886
TQD,5887
PCK,5888
QMA,5889
DMQ,5890
DEW,5891
EWR,5892
FKQ,5893
YTV,5894
HDI,5895
LPW,5896
PWH,5897
WHA,5898
HAG,5899
ECC,5900
ARC,5901
APF,5902
GLC,5903
CFF,5904
KVM,5905
VMG,5906
LAC,5907
ACA,5908
CAI,5909
FDF,5910
HEQ,5911
KQM,5912
QME,5913
FIE,5914
WLK,5915
TFM,5916
FMI,5917
TYN,5918
YNF,5919
MGR,5920
SDQ,5921
QHI,5922
NCT,5923
FLM,5924
MDL,5925
NAQ,5926
DYW,5927
YWI,5928
FCG,5929
CGC,5930
GCE,5931
CEV,5932
YYW,5933
YWS,5934
WIR,5935
VCS,5936
RLW,5937
LWF,5938
PYP,5939
YPA,5940
SCC,5941
CKS,5942
SMV,5943
GWT,5944
HYM,5945
YMK,5946
MKC,5947
KCP,5948
CPL,5949
GQQ,5950
YTW,5951
TWN,5952
WNV,5953
PKI,5954
NCK,5955
YPT,5956
FGE,5957
GEH,5958
EHL,5959
QAN,5960
DDM,5961
MSF,5962
EQS,5963
WIV,5964
VER,5965
RLY,5966
HLK,5967
KCR,5968
CRL,5969
EMT,5970
MTK,5971
MDC,5972
DCE,5973
CVH,5974
VHS,5975
FFH,5976
DND,5977
DDD,5978
TVH,5979
HPT,5980
ERR,5981
YDN,5982
GIC,5983
ICV,5984
CVN,5985
FDH,5986
SIF,5987
FEM,5988
EME,5989
TDL,5990
HMN,5991
VSW,5992
SWN,5993
WNS,5994
ILY,5995
PKR,5996
FIG,5997
IPM,5998
PMG,5999
QSC,6000
SCR,6001
CRR,6002
PIH,6003
FQY,6004
IYG,6005
QYM,6006
YMR,6007
MTQ,6008
DGY,6009
TYR,6010
DAW,6011
AWL,6012
WLD,6013
QKM,6014
CQC,6015
MQW,6016
QWN,6017
TAF,6018
HQT,6019
DET,6020
ARN,6021
MCL,6022
PPV,6023
PVT,6024
WGS,6025
SDC,6026
WQA,6027
ALC,6028
EPN,6029
TCA,6030
TAQ,6031
DCV,6032
CVM,6033
YHC,6034
HCK,6035
CKP,6036
HQG,6037
GES,6038
SAW,6039
WLF,6040
RMW,6041
MWY,6042
YIF,6043
SIC,6044
FQM,6045
LMW,6046
MWL,6047
ICL,6048
DQE,6049
QGT,6050
HWP,6051
WPQ,6052
RLN,6053
DHW,6054
WPE,6055
GFP,6056
FPF,6057
FKY,6058
DRV,6059
VDH,6060
DHT,6061
GPI,6062
PIG,6063
SNW,6064
WEA,6065
HKD,6066
DCP,6067
NTR,6068
TRW,6069
RWN,6070
WNE,6071
MEG,6072
VRD,6073
CGD,6074
QNV,6075
NVY,6076
STF,6077
TSW,6078
WIT,6079
ENM,6080
NNS,6081
ECD,6082
HFE,6083
DPP,6084
YHI,6085
SAQ,6086
KWY,6087
MMK,6088
ESR,6089
WFL,6090
HPF,6091
PFD,6092
WDN,6093
TQV,6094
QVW,6095
VWN,6096
DEM,6097
PHD,6098
HDV,6099
SRW,6100
RWS,6101
PDN,6102
PIY,6103
WIQ,6104
IPF,6105
HLG,6106
GPQ,6107
HLN,6108
INR,6109
WSK,6110
KVW,6111
WGQ,6112
KYF,6113
WEQ,6114
FHV,6115
QVI,6116
AMY,6117
TCQ,6118
CQT,6119
SGE,6120
LHD,6121
HDK,6122
SMG,6123
DDH,6124
DHF,6125
HFW,6126
YKP,6127
FPH,6128
TYG,6129
WAK,6130
HCN,6131
NEM,6132
QEP,6133
PHS,6134
HSP,6135
QWA,6136
WAL,6137
VSC,6138
CDN,6139
NAM,6140
FIR,6141
QQP,6142
QYR,6143
YPQ,6144
LHP,6145
MHV,6146
TED,6147
IKQ,6148
YMV,6149
SKM,6150
GSM,6151
PRQ,6152
AWQ,6153
KYR,6154
ATF,6155
ADG,6156
PNS,6157
QKH,6158
CVL,6159
FDI,6160
NVW,6161
WRV,6162
KLH,6163
LHW,6164
HWD,6165
WDV,6166
MSQ,6167
SQQ,6168
GMR,6169
RNV,6170
FFN,6171
HHK,6172
LPM,6173
PMD,6174
THM,6175
HMT,6176
QTR,6177
PHI,6178
GWG,6179
WGY,6180
GSY,6181
QRV,6182
DCR,6183
LYP,6184
YPH,6185
AFY,6186
IWK,6187
WKR,6188
VQH,6189
HYF,6190
YHH,6191
EDC,6192
RHE,6193
LMF,6194
MFS,6195
QMY,6196
MLR,6197
LGM,6198
GMN,6199
TKW,6200
VPY,6201
GEF,6202
QTD,6203
HVF,6204
HNV,6205
FET,6206
VYM,6207
YMD,6208
TTN,6209
NHD,6210
DTM,6211
REH,6212
EHG,6213
CKL,6214
IGH,6215
HTG,6216
WWD,6217
DKQ,6218
PDY,6219
YHW,6220
YFR,6221
YMY,6222
WFN,6223
LYD,6224
KHP,6225
AHH,6226
HHI,6227
QPV,6228
FRP,6229
MEH,6230
HDL,6231
QNM,6232
NMI,6233
QDD,6234
DFC,6235
FCD,6236
NYV,6237
RVM,6238
SHP,6239
IQI,6240
VHQ,6241
FYC,6242
CVP,6243
HTA,6244
INF,6245
YNA,6246
ADH,6247
MGQ,6248
TLN,6249
NMD,6250
VYP,6251
RLV,6252
DLR,6253
CGT,6254
GCA,6255
KGY,6256
YPG,6257
VYT,6258
SYA,6259
FTQ,6260
SMT,6261
MTD,6262
DLW,6263
HTI,6264
HLW,6265
LWR,6266
QSY,6267
RHV,6268
HVP,6269
EDR,6270
HII,6271
PMT,6272
KCM,6273
CMT,6274
GFQ,6275
MVV,6276
HDY,6277
SYR,6278
VLC,6279
CNR,6280
PYC,6281
YCF,6282
CFD,6283
TCL,6284
DYC,6285
YCD,6286
FHK,6287
EQH,6288
ATN,6289
NIW,6290
HNS,6291
TDH,6292
DHG,6293
FQS,6294
TDC,6295
DCT,6296
NCP,6297
QPC,6298
ITH,6299
GDC,6300
CPY,6301
PYQ,6302
SSH,6303
KWQ,6304
AYT,6305
EHN,6306
MIR,6307
EDW,6308
DWP,6309
YNP,6310
PVW,6311
WAI,6312
NFN,6313
HKQ,6314
QEK,6315
DLH,6316
FDN,6317
FNW,6318
KTM,6319
TMG,6320
NGF,6321
VLM,6322
KYC,6323
MLE,6324
HAT,6325
TRQ,6326
YNC,6327
RNC,6328
EFW,6329
FWN,6330
WNY,6331
NYT,6332
RCE,6333
YFE,6334
QDM,6335
FPV,6336
VHT,6337
TQC,6338
QCE,6339
ECN,6340
CNI,6341
YQV,6342
NRN,6343
GKR,6344
MPE,6345
EIQ,6346
WTF,6347
DWK,6348
NRV,6349
RVH,6350
LHN,6351
HNK,6352
HGG,6353
SRK,6354
MQG,6355
QSR,6356
IIP,6357
TDR,6358
DRD,6359
ACP,6360
WLC,6361
IWD,6362
DHP,6363
SDM,6364
EKN,6365
QEC,6366
ECV,6367
CVC,6368
HKI,6369
QCN,6370
CNM,6371
KHC,6372
CLQ,6373
CLT,6374
CIS,6375
DPC,6376
CRA,6377
ETN,6378
MVK,6379
QDH,6380
WTA,6381
HYQ,6382
HND,6383
EPH,6384
PHT,6385
HTH,6386
HVH,6387
HFR,6388
MSH,6389
WAQ,6390
AQS,6391
DFP,6392
SGM,6393
GML,6394
SRE,6395
QCD,6396
CDQ,6397
CGV,6398
VSD,6399
TIW,6400
IWQ,6401
WQL,6402
TYQ,6403
MTY,6404
LYT,6405
EQD,6406
VGC,6407
PFF,6408
FCQ,6409
LNW,6410
NWF,6411
FCL,6412
LAW,6413
MDM,6414
DMC,6415
YYD,6416
FEL,6417
PVH,6418
THH,6419
NGW,6420
GWF,6421
WFE,6422
TEF,6423
PNC,6424
NCG,6425
RMP,6426
EAW,6427
AWA,6428
WAS,6429
YSH,6430
KVR,6431
FAP,6432
TQH,6433
FCR,6434
CRG,6435
FPY,6436
QLH,6437
VKH,6438
PAW,6439
WRE,6440
KFQ,6441
FQI,6442
TFA,6443
NKM,6444
NRW,6445
RWQ,6446
HAI,6447
PMM,6448
MMS,6449
MNW,6450
DMS,6451
VEY,6452
KYP,6453
QMK,6454
KHE,6455
HQH,6456
YEA,6457
FNI,6458
RFY,6459
FYG,6460
YRQ,6461
YQT,6462
TWI,6463
TTD,6464
TDM,6465
KDW,6466
DWG,6467
VCI,6468
DWM,6469
SSC,6470
SCQ,6471
QCK,6472
SDT,6473
IQQ,6474
SEM,6475
HHA,6476
SWK,6477
KFR,6478
GHE,6479
RRK,6480
MGP,6481
VQV,6482
CTS,6483
CEE,6484
KCN,6485
AWE,6486
RTN,6487
HHS,6488
SGW,6489
HDF,6490
MRQ,6491
IPD,6492
WWN,6493
WNF,6494
CLM,6495
PTY,6496
VGH,6497
GHQ,6498
YCT,6499
CTI,6500
FQT,6501
RHH,6502
MQH,6503
PQY,6504
HVR,6505
EMY,6506
MYW,6507
IIV,6508
EFM,6509
FME,6510
EVM,6511
WGT,6512
GTM,6513
MMY,6514
MYS,6515
TGC,6516
RQE,6517
WMG,6518
FQQ,6519
QLC,6520
CCQ,6521
QLW,6522
LWQ,6523
WQI,6524
QIP,6525
MRF,6526
RDW,6527
DWF,6528
WFT,6529
EYQ,6530
STT,6531
GDM,6532
DMW,6533
MWR,6534
WKN,6535
FHA,6536
FIW,6537
WIC,6538
MWF,6539
NHK,6540
IKT,6541
GGW,6542
GWS,6543
PAM,6544
AMC,6545
SVW,6546
VWS,6547
PID,6548
IIM,6549
MGT,6550
DME,6551
NND,6552
NDF,6553
CSI,6554
VQM,6555
QMP,6556
FPW,6557
RGH,6558
PWN,6559
WNA,6560
NAF,6561
IMS,6562
HMV,6563
WQS,6564
QSE,6565
LRM,6566
RMN,6567
WLP,6568
MNF,6569
CQG,6570
YEQ,6571
IPC,6572
CRD,6573
TEC,6574
ECY,6575
CYD,6576
CAW,6577
WYE,6578
QSN,6579
PHN,6580
QFV,6581
FVY,6582
DQM,6583
KHH,6584
HHR,6585
HRR,6586
KGC,6587
GCV,6588
CVI,6589
AWN,6590
FFW,6591
FWA,6592
NDH,6593
DHY,6594
ILW,6595
REF,6596
EFC,6597
CRM,6598
VHE,6599
HEN,6600
RPW,6601
PWW,6602
NHT,6603
RKW,6604
WFP,6605
YCY,6606
PTM,6607
RYD,6608
HEM,6609
HWW,6610
WWR,6611
TCW,6612
CWA,6613
AIC,6614
CKR,6615
MSA,6616
MPD,6617
PDQ,6618
KQW,6619
QWW,6620
WYW,6621
YWH,6622
WHF,6623
VIW,6624
VCR,6625
CRQ,6626
WGN,6627
NGC,6628
GCG,6629
CAK,6630
HQQ,6631
RYY,6632
YRE,6633
MYR,6634
RPV,6635
WAF,6636
HSS,6637
QVF,6638
CQA,6639
AIH,6640
FCC,6641
RYR,6642
TRF,6643
MFM,6644
MET,6645
QVP,6646
YRH,6647
MEF,6648
EFP,6649
NNM,6650
NMG,6651
GHH,6652
HAY,6653
LYW,6654
VPH,6655
HEP,6656
IFA,6657
VDW,6658
VWQ,6659
VFW,6660
FWT,6661
CEP,6662
YWW,6663
WWG,6664
IRW,6665
WSL,6666
EMP,6667
IQC,6668
VVW,6669
VWW,6670
PKC,6671
KCC,6672
CCD,6673
CDF,6674
QQH,6675
AQC,6676
CYE,6677
PML,6678
MLY,6679
HHW,6680
HWH,6681
WHK,6682
WGI,6683
EGY,6684
MTV,6685
WFM,6686
FMD,6687
YMT,6688
NWH,6689
WHI,6690
KHM,6691
HNA,6692
ILC,6693
LCY,6694
CYA,6695
GQN,6696
AHT,6697
PWS,6698
GQT,6699
MIN,6700
KYW,6701
YWN,6702
FLC,6703
CDR,6704
MSM,6705
TWQ,6706
YIG,6707
VMW,6708
QFS,6709
TWV,6710
DSC,6711
TIM,6712
QFP,6713
KHF,6714
HCD,6715
