ID,Sequence
BertAIP_233,MPQLDTSTWFITIISSMITL
BertAIP_159,SPPRVVTAATAPVGSPTAAA
BertAIP_4173,TAQTRALFEKVQPTH
NeXtMD_2769,IMRIKKLTITGKGTL
NeXtMD_3471,SKSVTVKELTLMNSPEFHLV
DeepAIP_4549,KTLEAAFTVSSKRNL
NeXtMD_1540,VSKTAVAPIERVKLLLQVQH
BertAIP_2962,GDTPAIIRQPGGFTIIDADN
NeXtMD_2637,AVRLSKDIAADLQGE
NeXtMD_1705,NYNCKILPNTLVLDF
BertAIP_2034,NISQTSGNFSSNDTSSDPLGGHTIWQV
NeXtMD_561,RSLTPCTCGSSDLYLVTR
BertAIP_2633,LSSEAKAFILSQPRRPALSF
BertAIP_4663,SACLSPQAYQQGVTVDSIGMLPRFIPENQRTVAVY
NeXtMD_1025,PIYIVTPTNASHIQS
NeXtMD_3546,IPLYRNGDFFISSKD
NeXtMD_68,WRVYRDAVSQAGTWS
NeXtMD_144,ERLRRGMFALLPMDRFMVGI
NeXtMD_447,TYTEHAKRKTVTAMDVVYALKRQG
NeXtMD_1531,MLDEIIAEVDADGSG
NeXtMD_2902,GLNGPDIYKGVYQFKSVEFD
NeXtMD_3612,DTLEKISNEIKIVATPDG
BertAIP_2329,DDLDEGIEKSSEELSEEK
BertAIP_1036,QKLIEDVNASFRAAM
NeXtMD_740,HNYFEWPPHALLVRQ
NeXtMD_4013,IKKVIKEEKEKFPSSPPT
NeXtMD_2913,YLKGSSGGPLLCPTGHAV
NeXtMD_165,GGVGLASTLWYAESNALSKRLGEL
BertAIP_2947,YGCTFTAVIPTNVFG
NeXtMD_3166,YNNNEAFKVENGSAAPQLTK
BertAIP_1169,QQQQQQQQQKQQQQ
BertAIP_430,MDLSSSSMSSSSSSS
NeXtMD_2238,LYHVYEVNLVSEHIWCEDFL
NeXtMD_2850,VYSLIRPNENPAHKSQL
NeXtMD_1969,GSNPNYLAMLVKFVADDGDI
NeXtMD_4082,DKDLLENGAIFV
BertAIP_4262,LWQIPEQSRCQAIH
NeXtMD_922,ANFDASSGLTTEQPV
NeXtMD_2828,ITCGQVSSALAPCIPY
DeepAIP_3111,ISATPEWATPFPHRK
BertAIP_1999,ADGSGELEFEEFVSL
BertAIP_830,LKGELDMRNIQVRGLKQMKRVGDANVKSEDG
NeXtMD_1343,ASSLGGNQDTQY
NeXtMD_2158,LPSKGLEHLKELIARNTWTL
NeXtMD_1384,MPRARYGLVHVANNNYDPWTI
NeXtMD_6,IKKMLADQTVEEHIG
NeXtMD_1632,QKRAAQAARVEAACG
NeXtMD_1165,ASDYKSAHKGLKGVDAQGTLSKIFK
NeXtMD_1857,PRLLYAKSSPAYPSV
NeXtMD_2830,RPCEQHLMQKIQRDEDSYER
NeXtMD_161,PIVQLQGDSNCLKCFR
BertAIP_2872,NGNCKYAGGSLPNVRGDLQVLAQKAARPLP
BertAIP_3164,INLYTVIFINILLSLTLILV
NeXtMD_2384,QGGKGPLLSILKAFN
NeXtMD_1266,VVVHITDDNEEPIAA
BertAIP_3248,TQLKRALTGIAVEQD
NeXtMD_1551,MSSFSFDNSDQGPPQ
NeXtMD_896,KKQGVIAKNAYSLILILQMS
BertAIP_3628,QVYSLIRPNENPAHK
NeXtMD_1300,VIPVRRRGDSRGSLLSPR
NeXtMD_731,AEEEKPITEAAETATTEVPV
NeXtMD_30,MILHPDVQRRVQQEIDDVIG
NeXtMD_2178,ELLVLLENERTLDFHDS
NeXtMD_2874,SKAVYYKKILPTRSS
BertAIP_2023,VELSLEVSEEGNMTLTSFEVRQFANV
NeXtMD_2383,LDAAYSVAYKAAVGA
NeXtMD_2657,KIYVGRAYVRDLTPDE
NeXtMD_296,ASDVETAEGGEIHELLRLQ
NeXtMD_3683,LLLLLAAVSASQQCK
NeXtMD_1985,AEVDEFLEKLSLLLN
NeXtMD_666,AVDDTLITLETDKATMDV
BertAIP_2116,LDKIGLHSDSQEELW
BertAIP_2312,WMGINARDRSIALTFLAVGGVLLFLSVNVH
BertAIP_2615,SVKINKLISAGIIRF
NeXtMD_3738,VIYVQIRFSVRRFHP
NeXtMD_3602,AFILDGDNLFPKVAPQAISSV
NeXtMD_2285,TDVTFLKRHFHMDYG
BertAIP_4594,QVAVRPKSDNQIKAVPASQALVAKGVHGLS
NeXtMD_1616,LSANAITVVSPSCSV
NeXtMD_2389,NFSGFTKGTDIADLDAVA
NeXtMD_3106,EVKPDKKNPQLQDLD
NeXtMD_2493,ATDKEGKDVLVCNK
BertAIP_3659,LYLVCGERGFFYTPK
NeXtMD_943,GQGVPINTNSGPDDQ
NeXtMD_638,FRKKVILEDKVKNF
NeXtMD_728,STHVMPNWVRKVFIDTIPN
NeXtMD_2240,VAVISYDGGNKYYAD
BertAIP_115,PPKPKDTLMISRTPE
BertAIP_51,YKLVVVGAGDVGKSA
NeXtMD_2011,IQVVLELLKALSFRKIILN
NeXtMD_271,DRIEKDRLQGMAPAA
NeXtMD_2978,PKYVKQNTLKLAT
BertAIP_1044,VVRLQSWQSEMLRMN
BertAIP_486,SAERPLVYISSVAYGRQ
NeXtMD_590,EYFKVAFKPTSPVPN
NeXtMD_4147,ASINKFVVLISATLVLSFAI
NeXtMD_983,YTLDQVNQHKKAIEE
NeXtMD_1479,GHAFGAMAKKGD
BertAIP_1771,GTASFFFLYGALLLAYGFYTTGAVRQIFGDYK
NeXtMD_730,PEYQDLIQRLKDKGV
NeXtMD_2501,IDVVSREQCDQLYSKAGADV
NeXtMD_770,LIYEETRGVLKVFLE
DeepAIP_3211,PSDQHIEKYLKTIQNSLSTEWS
NeXtMD_651,SHLECRTFFLTQGALLNDKH
NeXtMD_2055,DCNLSGDVVFNFSKNAKISV
NeXtMD_3722,SQDFVLIFSVHGLPKSVIDAG
NeXtMD_4148,RDMVRRCNNVGIRIY
NeXtMD_1098,LKYFNMGVQKFWAFD
BertAIP_1980,MPQLYTSTWFITIISSMITL
BertAIP_1969,PDEVRRMMAEIDTDGDGFISFDEFTDFARANRGLVKDVSKIF
NeXtMD_3001,PTPLAKEDFLRCLVK
BertAIP_2279,LLECCARCLVGAPFASLVATGLCFFGVALFC
NeXtMD_2687,FDTGAFDPDWPA
DeepAIP_4505,SHLVEALYLVCGGEG
BertAIP_4381,VDSITQKKFLCDRTLWRIPFSSNFMSMGAL
BertAIP_382,LIHKVHLAKSSGSAL
NeXtMD_1295,GLEWVAVISYDGGNK
NeXtMD_117,ASEQETADATPEKEEPTAAP
BertAIP_3759,RSLMFRPITQILYWILVANL
NeXtMD_812,LIDDHFLFKEGDRFL
NeXtMD_347,NPNEPSNPNEPSNPNEPS
BertAIP_163,MLSHLYVSSKDKENISKENDDVLDEKEEEAEETEEEELEEK
BertAIP_4141,AQPSYQQQPQTQQPQLQSSQPPYSQQPS
NeXtMD_732,FLDTELVYPTSLGFP
NeXtMD_3768,ASVPAADKFKTFEAAFTSSSK
BertAIP_559,MRFAQPSALSRFSALTRDWFTSTFAAPTAAQA
NeXtMD_625,PPKTWEEIPALDKEL
BertAIP_740,HVSAKDKNSGKEQKITIK
NeXtMD_888,DDGKIDSERLRHALM
NeXtMD_3289,TEADLKKAVNEPEKP
NeXtMD_1204,SGIPYIISYLHPGNTILHVD
NeXtMD_2751,ELPCRISPGKNATGMEVGWY
BertAIP_2686,MMIARFKMFPEVKEKGMAAL
NeXtMD_1367,ATGFFAKKEAAEKHL
NeXtMD_2309,AKGMMHMIKKGANGS
NeXtMD_4005,AAPAEGEKPAEEEKPITEAA
BertAIP_1642,APQIVRGASEDVRKQPYNLTIAWFRMGG
NeXtMD_2061,LMAFTAAVTSPLTTS
BertAIP_2610,LGIAAGLSLSAPFEDI
BertAIP_2885,DGSCTQRASEAHASL
BertAIP_1454,RSPEFQSIVQTLKAM
NeXtMD_726,GNRFLAPDDQIK
NeXtMD_3795,AAPANDKFTVFEAAF
BertAIP_1245,YSKVVENNLRSIFGT
NeXtMD_4083,KCEFQDAYVLLSEKK
BertAIP_3945,CQCLVRTPEVDDEAL
DeepAIP_2971,TEEDKENALSLLDKIYT
BertAIP_2511,DYLANDAEVQAAVEY
NeXtMD_4108,HLDEREECKCLLNYKQEGDK
NeXtMD_3151,WGGDVAFVKHLTALE
BertAIP_1121,CTIAPVGIFGTNYR
NeXtMD_1231,DVFIFHKKYEEVEQH
NeXtMD_1270,AKPDGKTDCTKEVEE
NeXtMD_3535,KTPVLEIDGKQTHQS
NeXtMD_3335,EGLRESRKHIQDEKLVRYFL
BertAIP_1531,SGSSSPTHAKSAHV
NeXtMD_1305,ANGILNVSAVDKSTG
NeXtMD_2278,RKYDEVARKLAMVEA
NeXtMD_3240,ECKETVPMNCSSYA
NeXtMD_804,NFWRGENGRKTRIAYER
NeXtMD_44,NGWGTMVSHRSGETE
NeXtMD_2346,DVLGYYKILSEKYKSDLD
BertAIP_1001,IDDIIAILPVDDLYA
BertAIP_745,AAEEYGYLVTDEKPLS
NeXtMD_3695,RGNNAIKWLVNFGVG
NeXtMD_1809,ADKDGEGLSTQCECNIK
NeXtMD_3608,VVQSIGYKFHRHGYE
NeXtMD_952,MLVLLVAVLVTAVYAFVHA
DeepAIP_4537,ATGWLQYNGSWYYLN
BertAIP_966,NYDPNVWCAVPNCITCDRLDPSNR
NeXtMD_2074,KCHLTNIACLLHNKY
NeXtMD_1070,GLILGLLRRHASSLIVFKL
BertAIP_2271,MNNAGLNSEKVSALIQKLNSDPQFVLAQNV
BertAIP_3348,GLNGTKGYPGLKGDEGEVGDPGEDNNDISPRGVKGAKGYRGPEGPQGPPG
BertAIP_667,LDLIKDAIEKAGYTG
NeXtMD_3780,DNKKTRIIPRHLQLA
BertAIP_3187,EISTNIRQAGVQYSR
BertAIP_3821,DTPQDIADRERGGSFDTNGDGKISSGGSTDGDGFISFDEFTDFARANRGLVKDV
NeXtMD_1292,KAIFIKCDVTNIPEF
NeXtMD_3192,PAYFKMNSPSLWKYN
BertAIP_1598,MKLLQHIPANLLENI
NeXtMD_2681,RGGTTTITKSRNLNK
NeXtMD_4149,GWYTYMLLPAALTGL
NeXtMD_3491,IHQHSIIPEQVTVGD
BertAIP_1810,ERMSRLSKVAPVIKA
BertAIP_1438,VGATYYFNKNMSTYVDYKIN
NeXtMD_513,LWEINMIKAIISQLQ
NeXtMD_3777,EAVLEDPYILLVSSK
NeXtMD_181,LAILPLDDLKALFNE
NeXtMD_2268,KPTQAFVKQHLCGPHL
NeXtMD_1964,ARTTHYGSLPQKSQRSQ
NeXtMD_2395,TKKIFDLTVANRTEA
NeXtMD_431,DAEEVAPQAKIAELE
NeXtMD_3720,QLYTHALGVTGNTHI
NeXtMD_915,VWLYNQIALQLKNHA
BertAIP_1413,PSLRTLEDNEERMSRLSKVA
NeXtMD_2539,SILIMVLVDSFIKGT
BertAIP_849,QQQPLSQVSFQQPQ
NeXtMD_4007,LTTAEVVVTEIPKEEKDPGM
BertAIP_2087,KGRGSRGQHQAHSLERVCHCLGCWLGHPDKFV
NeXtMD_1860,CHGSEPCIIHRGKPF
NeXtMD_1793,KGDEQKLRSAGELEL
NeXtMD_2469,GDPDMMRYVDKYGQL
BertAIP_50,PFPPQQPYPQPQPF
NeXtMD_334,TTIHNVPDFETVYMD
BertAIP_2748,DGKTFIDFKKYNDKLPLYISNPNYKVNVYA
BertAIP_1040,DDQPRPRGDNFAVEKPNENI
NeXtMD_2605,YLLFCMENSAE
NeXtMD_2457,LEAKITMLTNGQCQNIT
NeXtMD_3096,AQEQDTYKVLYKKVN
NeXtMD_1005,LYQAQYDLSIYNKQLEEAH
NeXtMD_3412,SFIHIYLYRNIRIQL
BertAIP_1336,PARPAYMVPQDFDLY
NeXtMD_3469,SGPFFTFSSSFPGHS
NeXtMD_2367,DCISIGPGSTGLNIT
NeXtMD_2212,KSKYKLATSVLAGLL
NeXtMD_498,ASILGLQNMAGCPVY
NeXtMD_1235,DALTLRTATNIWIDHNSFSN
NeXtMD_3132,DYSNTHSTRYV
NeXtMD_1,DITVKNCVLKKSTNG
NeXtMD_1072,AANKQKQELDEISTNIRQAG
NeXtMD_2820,SMATGWLQNNGSWYY
NeXtMD_2760,PQDLIEQLKIYAQRC
DeepAIP_4467,GNIEGQWALKNHSLVSLSEQVLVSCDNIDD
BertAIP_902,TKQRQNKPPSKPNNDFHFEVFNFVPCSICSN
BertAIP_1045,QDFLALIPTDQVLAI
BertAIP_3181,NTDTNFHSDITFRKL
BertAIP_1733,SSQVLQQSTYQLVQ
NeXtMD_1013,ESKHGLTNTASHTRLSCD
NeXtMD_3772,SSKRGRQTPVLYAMLDHSRS
NeXtMD_1923,PRIVLDVASSVF
NeXtMD_1621,ATEGQVRVNSIYQDK
NeXtMD_3667,TLIEGLMMAKALSLSLNLP
NeXtMD_972,VDDAKSFIDASNVAI
NeXtMD_1322,EWQVAAENSDDTKFK
NeXtMD_1555,RVLDGLVMTTISSSKDC
NeXtMD_667,VEEILRLMGQPFNRR
NeXtMD_1963,ATISATPESATPFPH
NeXtMD_1144,PGKYTAYEGQRVVFIQ
NeXtMD_1686,STSVLGNVLINESFGVE
DeepAIP_3187,NYLALLVKYVNGDGD
NeXtMD_1657,FVNQHLCGSHLVEAL
NeXtMD_2026,FFHTVLLPTEWEEVTAWSGIC
NeXtMD_3339,AKEFLENYLLTDEGLEA
NeXtMD_2621,ATDYENYAIVEGCPA
BertAIP_1735,LERIRRSILPYGDSM
BertAIP_2993,KDKWIELKESWGAIW
NeXtMD_1568,RPFERDISNVPFS
BertAIP_3982,KISLPVILMDETLKFVARNY
NeXtMD_1053,ICARQDPAGNCS
BertAIP_4241,HRNEDPDRYPSVIWE
NeXtMD_764,ENTIKIQEGSGLSKEE
NeXtMD_1930,LFVVYRDSIPHAACH
NeXtMD_3374,PEPVGFLLVLLGPEA
NeXtMD_75,HLMQKIQRDEDSYERDPYSP
NeXtMD_1971,QDNSAKKEATPATPSKPTPS
NeXtMD_485,ALRNMAVAKHNLNIMI
NeXtMD_4061,SNEILRLKGLMNSILAQNSGQSLEQ
BertAIP_1764,GWYTYMLVPAALTGL
BertAIP_348,HTPIIVREPEDLPQG
BertAIP_2114,PGSRPHLIRLFSRDA
NeXtMD_1199,ARSALILRGSVAHKSCLPACVYGP
NeXtMD_1064,LRLIHYSYDVN
NeXtMD_262,GGSAVANIDMLRLSE
NeXtMD_2613,DKDAFGGVYSGPSLLDVSQTSVTA
BertAIP_3144,LQSYGFQPTNGVGYQ
DeepAIP_3016,WSKDIYNYMEPYVSK
NeXtMD_2258,AGLLGVVSTVLLGGV
BertAIP_3740,QLFKLIHVRKTAHFE
NeXtMD_1886,GVWTFDSEEPLQGPF
BertAIP_3616,SAESLKISQAVHAAH
NeXtMD_3621,WPSAAERFSLSP
NeXtMD_2717,AEEYEKLQNPNQSVV
NeXtMD_1062,EMLFNFLKEQLNKLLGLLRLF
DeepAIP_3200,PKGGAESSSKAALTS
BertAIP_2863,DVRIWPLHPSLLGEP
NeXtMD_1931,RASRVAEQLFRKFLKF
NeXtMD_2822,RHNWVNHAVPLAMKLI
NeXtMD_3420,SNVASLKGFIT
NeXtMD_567,PKENTERSHKLINPWEKFME
NeXtMD_2991,GKKVIAQDVIPVNWKPDTVY
NeXtMD_1442,DLHVKGSQHVATVEL
NeXtMD_3709,KNCFLYFKNHSKIGKIF
NeXtMD_1597,LEDARRLKAIYEKKK
BertAIP_1334,GAGSGKTQTMAARIAYLLQS
NeXtMD_2407,QTLDHNTMYWYKQDSKKLLKIM
NeXtMD_2656,LVTRHADVIPVRRRGDSR
NeXtMD_3987,QTHQSVAISRYLGKQ
NeXtMD_1174,PPEQPFHSYGVTYTFATDA
NeXtMD_3447,WLKVKILPEVKEKHEFLNRL
BertAIP_2645,PHIPVTARKHHRRGV
NeXtMD_1120,LNVLRIINEPTAAAI
NeXtMD_443,NFGSQRFSKIASNTQS
NeXtMD_2403,NDYSYWLSIPALMPMNMAPI
NeXtMD_2049,IAVGLLLYCKA
NeXtMD_4038,KQKVAGPLCVRMDQAIM
BertAIP_3205,LGVYYHKNNKSWMES
NeXtMD_2463,SSARGWVIHPLGLYR
NeXtMD_1640,CEEERCLPKREPLDVPDEPE
BertAIP_2972,KIAPQDQDSFLDDQPGVRPIPSFDDMPLHQ
NeXtMD_3942,KGTGNKNKITITNDQNRLTP
NeXtMD_1782,PITKYIMTCMSADLEVVT
NeXtMD_898,SQKDLLEQRRAAVDTYCR
BertAIP_3933,EEVQRDVSIMPYKIIGADNGDAWLDVKGQKMAPPQISAEVLKK
NeXtMD_3029,WILGDVFIGKFYTEF
NeXtMD_3340,LSVPDGLKVSNSSARG
NeXtMD_1521,LSGLPSGGEVLEISV
BertAIP_1785,TDLGLFRAAVPSGAS
NeXtMD_1364,PEKPAPAPETPAPEA
NeXtMD_833,MATTLPVQRHPRSLFPEFSE
BertAIP_361,PYPQPQPFRPQQPY
BertAIP_4837,TKGDSYYKMMKSNIETVHGS
BertAIP_325,KAACPTMGEAHNDKRADPAFVCRQGVVDRG
NeXtMD_1766,DVAGIVGVPVAAGCT
NeXtMD_1276,KDAGISVSEIDHVVLV
BertAIP_2724,ADNKTKEGRAMNRRVF
BertAIP_1240,IAYGSSQVLQQSTY
NeXtMD_1944,VLIGGLEWNDNTVRVSE
DeepAIP_3133,KPTAAGPKDNGGACG
NeXtMD_121,AEVDCSRFPNATDK
NeXtMD_344,LRLCVQSTHVDIRTLEDLLM
NeXtMD_3685,LVFLRNAKIELKPNQ
NeXtMD_1743,KFWCLVIDALKRIG
NeXtMD_733,AALGIGTDSVILIKCDERGK
NeXtMD_1100,INGRWIILLSKFLK
BertAIP_3560,TLYILNVSAVYFEQR
NeXtMD_2772,TITDDNEEPIAPYHFDLSGH
NeXtMD_2400,KLKDILLRVLYKTYI
NeXtMD_2915,VRHRIKEHMLKKYTQTEEKF
BertAIP_389,WGTMVSHRSGETEDS
DeepAIP_4485,NFIRMVISNPAAT
NeXtMD_608,MDRADTLEQQNKEAN
NeXtMD_1721,IFCQIIPAVANVAPP
NeXtMD_2599,NDIEKRVPFSHDDRL
BertAIP_85,PPYCTIAPVGIFGT
NeXtMD_3380,AVVESNGTLTLSHFGKC
BertAIP_2376,HSTQPQPQSLKTTTP
NeXtMD_2224,YKGDFTYLSVDRKMY
NeXtMD_3965,SFIDASNVAIIGFFK
NeXtMD_2041,SSRGSRKAQRKGSNV
DeepAIP_3091,GYTPATPAAPAGAEP
NeXtMD_1516,KGQPSKPFVGVLSAG
NeXtMD_3176,SALTLHWFRKGSS
NeXtMD_281,YGAFDPLLAVADICKKYKIW
NeXtMD_920,VRVDMVRHRIKEHMLKKYTQ
NeXtMD_2290,SPSLWEIEFAKQLASV
NeXtMD_1258,PQGPVPNTALFSLVL
DeepAIP_3049,EIKIVATPDGGS
NeXtMD_3123,SHCCAFKNQKKIRGILESL
NeXtMD_776,KKKLEDTKKALDEQVKSAIT
NeXtMD_3918,SQKDLLEQKRGRVDNYCR
NeXtMD_789,LPTYNLIHNTKQVDV
NeXtMD_807,GVDPFKLLQTSQVYSLI
NeXtMD_2673,EAYEGKTTYTYEKQD
NeXtMD_2555,KTNYQAFLNLLEIARSKKAKVI
NeXtMD_3407,QTIPYTTIHNVPDFE
NeXtMD_689,GKESCFCYFDCS
NeXtMD_889,VVRVVRHTSKNDLLS
NeXtMD_2125,GQWRGAAGTAAQAAVVRFQE
BertAIP_3409,FNVFVLTFVSAVVFNFLN
NeXtMD_620,AMKKIQDCYVENGLISRVLD
NeXtMD_2388,QDHWDAWTAMTAATP
NeXtMD_1584,MMERVVEQMCITQY
BertAIP_4122,KVCGSNLLSICKTAEFQMTFHLFIAAFVGAAA
NeXtMD_1565,ERQGVVGLFQPGLVG
BertAIP_850,FESLEVHLRRANNINLPFGG
BertAIP_860,VEQCCTSICSLYQLE
NeXtMD_879,RVFFDTNKSNIKDQY
NeXtMD_1136,VVHKLNKKMKSLK
NeXtMD_684,ERANLRPCEQHLMQKIQRDE
NeXtMD_628,DSFVASLTEALRVIA
NeXtMD_715,EASEAYLVGLFEDTN
NeXtMD_2481,KINYDSLYNLNNIGS
BertAIP_4574,NNSYECDIPIGAGICASYQ
BertAIP_4855,KFQTAAQRAMMDQVR
NeXtMD_1429,IMHREDMQDIVVPAF
BertAIP_3651,YFSKNYQDYEYLINVIHAFQYVIYGTASFFFL
BertAIP_4136,SSTNNLAPNTNTGND
NeXtMD_3933,PIYGKTISTPSDYM
BertAIP_1436,ADIRLTSIKSTTLRVDQSIL
NeXtMD_1052,KFKGKATLTSDK
DeepAIP_3024,YVYEPFPKEVWEQIF
NeXtMD_2180,LFLAILIWMYYHGQRHSDEH
BertAIP_1225,TIAWFRMGGNCAIPITVMEYTECSYNKS
NeXtMD_208,DKKVYRVFESTVTGR
BertAIP_3553,IGRFFGGDRGAPKRGSGKDSHHPARTAHY
NeXtMD_2600,AHPADPGSRPHLIRLFSRDA
NeXtMD_1406,MNYYGKQENWYSLKK
BertAIP_3661,ISIKYDPRKDSEVFAGGLTAELKIYSVIQAEINKHL
BertAIP_2097,KALKLSWFKKGSS
NeXtMD_3800,VRALEEANTELEVKI
DeepAIP_3083,GLSGEPKGGAESSSK
BertAIP_1470,ETEQAFLSAILE
NeXtMD_65,FADKPDESTLSPEMKEHYDK
NeXtMD_2116,KGKEDPHAWLNLENG
NeXtMD_3633,DVMNILLQYVVKSFDRSTKV
BertAIP_175,NKSLGACPIRTQPRWNYYDSFSAVSEDNLGFL
BertAIP_2448,CDSTLRLCVQSTHVDIRTLE
BertAIP_622,AGDMWRAYTDMKEANWKNSDKYFHARGNYD
NeXtMD_4128,DWVSLWKGFSF
NeXtMD_1720,VNILVKQISTPKGPSLR
BertAIP_2632,GRTIIQRDNGYQPNYHAVNIVGYSNAQGVDYWI
NeXtMD_3789,IMILVVAAKEVWGDEQA
BertAIP_1403,TARKHHRRGVGITGL
BertAIP_2477,GWVKPIIIGHHAYGDQYRAT
NeXtMD_494,EHYDKFERMIKEHTEKFNKK
NeXtMD_3833,AIARFIARKHNMMG
BertAIP_4352,CKDIRWSLGDFGDII
NeXtMD_4100,FEAQKARANKAVD
BertAIP_412,VGSKSQTTTTQSSHC
NeXtMD_2118,EGGSEGPSTSGTLKI
NeXtMD_2234,VYYIPLEAVKFV
BertAIP_22,SNISSWWNFGSLLGICLMVQ
NeXtMD_1499,SRIMIQASNMYRNFT
NeXtMD_2104,SSFAEFSQSYSIPETVDPLT
NeXtMD_1494,QVAALTWVQTHIRGFGGDPR
NeXtMD_2355,KAMVALIDVFHQYSGREGDK
BertAIP_4885,ILGDIGILTNATVFT
NeXtMD_814,KEGDVFIMPAAHPVAINASS
NeXtMD_2259,NELNEFENNQRCMCEALQQI
NeXtMD_1393,LMTERVFRITASMAHNR
NeXtMD_3025,DLWEAFHTIYKKDNG
BertAIP_1664,QLPQFEEIRNLALE
NeXtMD_1663,VLILTVPLRRLILPLIFR
BertAIP_213,ITQFILEHRAKGSCKYALPLRIPPSACLSPQ
NeXtMD_489,DEEFNKKMQEQNAKFFADKP
BertAIP_3887,LDHKNNKSWMESEFR
NeXtMD_2774,VGGVYLLPRRGPRLGVRATR
NeXtMD_1987,EIDQLEQRADNLTTIAHELQ
NeXtMD_2451,KKGAAALGIGTDSVI
NeXtMD_2606,KQVTIRIGCKTS
NeXtMD_1664,EDKKEDVGTVVGIDLGTTYS
DeepAIP_3011,WEQIFSTWLLKPGAG
NeXtMD_2683,LEPLGLVEEGAKTAP
NeXtMD_679,FGLVDGLNFAVQYLGKNERD
NeXtMD_2580,NENLDDLDEGIEKSSEELSEEKI
NeXtMD_3164,LARYGPAWREQRRFSVSTLR
BertAIP_2674,GGASLKPEFVQIINA
NeXtMD_3129,ETQACLRKKDRRVKE
NeXtMD_2351,VSIRRYVRKNQNRYNYFLIE
BertAIP_25,SLSYEPALLEPYLFHEFGS
NeXtMD_1253,QYIYSKVNNLNTDHG
NeXtMD_3910,RSAIVHLFEWKFADI
BertAIP_3989,TFGLALELTEG
BertAIP_1425,LGHPDKFVGITYALTVVWLLVFACSAVPVYIY
NeXtMD_1704,DENSKQKKWDPLKKE
NeXtMD_3333,KNFLNLFSISTMTRG
BertAIP_5002,NMYAMLIARYKMFPEVKEKG
NeXtMD_4101,VNGRTVCNDRNRPTAIKIDY
BertAIP_3916,RQVYLKLETTSKSDEV
NeXtMD_836,LGIWTYDGTKVSISPES
NeXtMD_3586,GAVQNEVTLTHPITKYIM
NeXtMD_3927,DNFEIDDKGFINTAK
BertAIP_3526,GLPVRYMTTAVNVTH
NeXtMD_397,VKMAETCPIFYDVFFAVANG
NeXtMD_3047,GYYYPSDPNTFYAPPYS
NeXtMD_2835,TVYVRPIIEDYHTLT
NeXtMD_2379,MSWQTYVDEHLMCEI
NeXtMD_1129,FKRRVYKVYDFVRTH
NeXtMD_2085,LGFPFDRPIHSYDFV
NeXtMD_177,NISQHQCVKKQCPQNSGCFR
NeXtMD_3799,KVGNEYVTKGQSVQQVYYSI
BertAIP_2688,SNVGVCSRVGVARLWFRVCQ
NeXtMD_2233,AGEAMVLVYYESIAYSF
DeepAIP_4495,ASQYRPSQRHG
NeXtMD_1631,VNDVCNFASRNDYSYWLSTPA
BertAIP_1227,ECYDAGCAWYELTPAETT
BertAIP_4344,AAHAEINEAGRE
NeXtMD_2926,IHAQQKEPMIGVNQELAY
NeXtMD_200,DDLMIRVIAQGPTAT
DeepAIP_3019,YASGKVWGQKYFKGN
NeXtMD_2089,MFYDGSRIMIQASNM
NeXtMD_3246,GYYRRATRRVRGGDG
NeXtMD_158,EDEIDGPAGQAEPDRAHYNI
NeXtMD_532,QAPEYRGRTELLKDAIGEGKVTLRI
NeXtMD_1078,NHLYETPISATAMVI
NeXtMD_3986,DRTNLQEAQPLGNGKKAEQW
NeXtMD_3211,ASIDSMIDEIDFYEK
BertAIP_3468,KPRTSTPVTEF
NeXtMD_3496,APEDKYEAFVLHFSE
NeXtMD_1278,KAMVIVVVNKGTGNL
NeXtMD_3499,RFLWQLKFECHFFNGTERVR
NeXtMD_253,ERAETGESKIVELEE
NeXtMD_3455,GMYPVEIWHPDPAKN
NeXtMD_4027,FWNYTALAGLNVVLG
NeXtMD_514,NGPELQDDLFVGAAL
NeXtMD_961,KDYRAYYTFLNFMSNVGDPR
NeXtMD_3443,FLLSYGEKDFEDYRF
DeepAIP_4469,GWYRSPFSRVVH
NeXtMD_3311,TSAVAVPFAMQVQARLNYVA
NeXtMD_412,TAVYFSEKYNDV
NeXtMD_4012,VVFDTGSSNLWVPSK
NeXtMD_3747,YVPLVGDDSWKFRLD
NeXtMD_2458,IPTNGDVVVVSTDALMTG
NeXtMD_2336,KHCLQMASNTMPYQI
BertAIP_4473,TVIISKKGDIITIRTESTFKNTEISF
NeXtMD_3130,DNGPQDPDNTDDNGPHDPLP
NeXtMD_438,KDPVFKNMTYVNTSL
NeXtMD_4031,CLAVLWVVKSTPAS
BertAIP_304,EMYWVSGAKSNIIKS
NeXtMD_1599,GVTCGPGHGISVGSL
NeXtMD_128,SLLELQKVFSKGTFL
NeXtMD_4121,DTPYLDITYHFVMQRLPL
NeXtMD_349,LILLIIALYLQQNWWTLLVD
NeXtMD_696,KGVTQNGRLITANPI
NeXtMD_1956,ISGDLKTQIDQVESTAGSLQ
NeXtMD_1821,AEFFRNIYANNLKLARKIFKDTL
BertAIP_709,TVNGTTRTVNPLGFFKKEALPK
BertAIP_3123,TAIFQDTVRAEMTKVLAPAFKKELERNNQ
NeXtMD_3610,GMGLSAVAPLGSTSDYLKDA
NeXtMD_1981,TPEKEEPTAAPAEPEAPAPE
BertAIP_872,PIDQILAIAADYLAN
NeXtMD_2512,EEQEDEIIGFGQELKNPQEE
BertAIP_4214,LVLSFVGQTRVLMINGEEVEETELMGF
NeXtMD_3325,NTWTTCQSIAFPSKTSASIG
NeXtMD_692,GSATLNVDVPKLGRK
NeXtMD_4095,PFLTNIETLYNNLVNKID
NeXtMD_967,QSGQFWRKFEVYEGDKKLPI
NeXtMD_2649,ADLFQLLLTNSVDNTFP
NeXtMD_4052,VEVVVGIPAIYLEST
NeXtMD_263,GTDGVTYTNDCLLC
DeepAIP_4504,SGIPYVISYLHPGNTVMHVD
BertAIP_1833,HRRARSVASQSIIAY
DeepAIP_3178,NGPQDPDNTDDNGPQDPDNT
NeXtMD_3704,IHHARFQDGEHFGEI
NeXtMD_3218,RFLRLLDLAQEGLKEESGFL
NeXtMD_4018,QLVEKDKALSNAEGE
NeXtMD_1002,EAIQPGCIGGPK
NeXtMD_273,LGLYRLFPTWMMFASV
NeXtMD_3836,LRRTGRIFGGLIRDI
NeXtMD_541,ENVKMEDVGYPIIID
BertAIP_3189,SVLTVLHQDWLNGKE
BertAIP_2001,ATRLFPDFFTRVALY
NeXtMD_2143,EKLIETYFSKNYQDYEYLINVI
NeXtMD_3178,LQCLDGDDAKVTFDEENG
NeXtMD_3005,GNGWFEKALEQAGKSLKDKK
NeXtMD_1133,YTTEGGTKGEAKDVI
NeXtMD_2744,EQFLGALDLAKKRVH
BertAIP_824,IPHIPVSGRKYHIRR
NeXtMD_2467,TVWAQSADFPQFKPE
NeXtMD_2559,KGTFLLGLAETSLAG
NeXtMD_3487,FVVTGRVYCDPCRAG
NeXtMD_687,SPKARSERPAIVPPA
NeXtMD_744,RLVVLATATPPGSVTVSH
NeXtMD_1854,IHIGDSSKVTITDTT
NeXtMD_1031,TPFAENTNSVTNIEL
NeXtMD_3921,DGNVQVKFFDTGSAV
NeXtMD_85,KSDEFNPCEDIMGYKFLRIV
NeXtMD_3822,VLEKLEAGFAKLAAS
BertAIP_574,DRYFYNQEESVRFD
NeXtMD_553,VIASLTCGRRFEYDDPRFLR
BertAIP_1659,NHHNMLLSLSTSGVL
NeXtMD_991,NVVKTVVTPVYY
NeXtMD_3533,PKLAKYLSERHATAF
NeXtMD_3522,PKSMLLNIFTNNLGR
NeXtMD_3389,PVYVRVFLGPKYNYY
DeepAIP_4628,HSLGKALGHPDKF
NeXtMD_2901,GVEPVHPQDGDALTLRTATN
NeXtMD_2711,KGKDKWIELKESWGAVWRID
NeXtMD_1894,KESWSYIVETPNPENGT
BertAIP_1961,PQPQPFPSQQPYLQ
BertAIP_3914,IAIATDYLANDAEVQ
NeXtMD_2757,SDDKCMTQQPRHTYY
NeXtMD_3468,LIHNTKQVDVDPVGV
BertAIP_890,DIIMGTDMEGIGYSK
NeXtMD_1236,LDSELRIKAFLALVE
DeepAIP_4568,RDVDLFLTGTPDEYVEQ
NeXtMD_4194,AWDQPIADNKTKEGR
NeXtMD_861,GMAPAAGADLDKIGL
NeXtMD_409,QGENEKYLPFLNNIETLY
NeXtMD_1445,HCLGKWLGHPDKFVGI
BertAIP_1013,AISSVLNDILSRLDKVE
NeXtMD_795,TFTVEKGSNEKHLAV
NeXtMD_2327,ALLGAQPLLVLGFSG
BertAIP_592,IRTPPAYRPPNAPIL
BertAIP_1197,TSPDFLALYNAIRSP
NeXtMD_1914,GINHEKYNSSQTIVSNAS
NeXtMD_3538,LLSTNLPYGKTNLTDALLQV
NeXtMD_3014,AVTPSVIDNILSKIENEY
BertAIP_4480,AETQHGTTVVKVKYE
NeXtMD_82,LYLKRKLIYDAAVEG
NeXtMD_801,EESNTFGLQLELTEG
BertAIP_5003,NIHCDCNIPPVLYSA
NeXtMD_1375,INKWQVVAPQLPADL
NeXtMD_2710,RATRRVRGGDGKMKE
NeXtMD_2594,SSLGRAGLTYEQYFG
BertAIP_3155,EVGELSRGKLYSLGNGRWMLTLAKNMEVRAI
NeXtMD_753,VCNKDLRPICGTDG
NeXtMD_1745,VIATLLVASCLGAAT
NeXtMD_1831,SRNRNGKRVVLPVEI
NeXtMD_2644,DIDFLIEEIERLGQDL
NeXtMD_3972,SAEEQKEMEDKVTSPEKAEEA
DeepAIP_2994,VIPEGWKADTAYESK
NeXtMD_841,AWIGFWLILLVMLVVA
BertAIP_2213,PVIKARMMEYGTTMV
BertAIP_2653,DDEHVEEPTVA
NeXtMD_2873,LRDYLLQNNALKASFI
NeXtMD_1094,YTRIMMNGGRLKRSH
DeepAIP_3145,LDEGKQSLTKLAAAWG
NeXtMD_3411,FQMKQPYYTREELAF
NeXtMD_1147,MAPSYKLTYCPVKAL
NeXtMD_1727,YPLYENYIKGIDYLG
NeXtMD_2136,RALEAVIIDLRKQSR
NeXtMD_2410,GIVKENIIDLTKIDRCFQ
BertAIP_1930,ENPVVHFFENIVTPRTP
NeXtMD_3963,PNESYKKQVTIRIGCKTSSSC
NeXtMD_394,GLYNLLIRCLRCQKP
BertAIP_952,TYQLVQQLCCQQLW
NeXtMD_3684,DGDFAIVKFTKVLLDYTGHI
DeepAIP_3122,KFIPALEAAVKQAYA
BertAIP_1622,QGEPGRVIRGKKGAG
NeXtMD_426,FGAQFITWRGIPLI
NeXtMD_3706,IRFSVRRFHPKLGDK
NeXtMD_1525,ILATAALAVAYPSPG
NeXtMD_2034,RRVNAANKKPEDLTLNDLET
NeXtMD_870,VSSMTDLWEAFHTIY
NeXtMD_1758,QEKLISVAGLAVHSG
NeXtMD_4146,KSTNGLRIKSYEDAK
NeXtMD_2921,AFFLDLILLIIALYLQQNWW
NeXtMD_1862,CHQEEDFRVTCKDIQRIPSL
BertAIP_4164,SWFSQILIGTLLMWLGLNTK
BertAIP_3195,MANDNDDDPTTTVHPTTTEQPDDKFECPSRFG
NeXtMD_2816,KKPGGTTYYYDPSAGKGVTA
NeXtMD_1887,RGWKHWVYYTCCPDTPY
NeXtMD_1833,QNLYKYIVSLANLMALEK
NeXtMD_1759,KAIKESTGGAYDTYK
NeXtMD_3583,ALREKVLGLPAIKAW
NeXtMD_4087,VSAERDPENIDWATD
DeepAIP_3115,IYKASPTLAFPAGVC
NeXtMD_1629,LSSVVVDPSIRHFDV
NeXtMD_2810,LQLQPFPQPQLPYPQPQLPY
BertAIP_1894,VHAIILHQQQQQQQ
BertAIP_1679,FEDIYFGLWGFNSSLA
BertAIP_3586,HNGVVQESYYRYVAREQSCRRPNAQRFGISN
NeXtMD_758,PSTVKAGELEKIISRCQVCM
BertAIP_1458,LYYLTMNNKHWLVHKEWFHD
DeepAIP_1062,RMVLPEYELLYE
NeXtMD_2625,VIVFLIFFDLFLVNGRDVQN
NeXtMD_1345,ALQQIMENQSDRLQGRQQEQ
NeXtMD_2667,ATTANVPPADKYKTF
NeXtMD_3481,LSPQVLAAVIFIYFAA
NeXtMD_398,PYPDYHWLRTVKTTK
NeXtMD_4164,VRMMLIPLDATLIKV
BertAIP_176,TFVHIPLVQAKLRNP
NeXtMD_2980,DKMISHSLYNNEKGL
NeXtMD_1975,ASVRIKVPKLAADKK
NeXtMD_3914,KYMVIQGEPGAVIRG
NeXtMD_3304,AENPRMEPRARWMEREGPEYW
NeXtMD_1092,GMILFYFIKSLGNNLLHKN
BertAIP_1509,ETPVLSVNATSVRLQ
NeXtMD_3220,KAKGNPESSFNDENLRIVVA
NeXtMD_3699,ALNSIQQFISSEMVE
BertAIP_3317,CRLKMDKLRLKGVSYSLCTA
NeXtMD_2668,DSSVVAQEQDTYKVL
NeXtMD_2331,EEQTQQIRLQAEIFQAR
NeXtMD_2675,LKAGEGNKIGPE
NeXtMD_48,HDDRLGFLTFCPTNL
NeXtMD_3369,GTLVRIAPVIGACMARQA
NeXtMD_2208,YGSLPQKSQRSQDENPVVHFF
NeXtMD_1654,GPTHLFQPSLVLDMAKVLLD
NeXtMD_2222,VTEEAACLCAAFANHSGRPF
BertAIP_1201,QQILQQQLIPCRDV
NeXtMD_2398,EEPYFLISNLPYYIATR
BertAIP_2257,FIVGDKKEDEWRMAFDRLMMEELETKIDQVEKGL
NeXtMD_405,ISVLKSRLLKRKKYI
NeXtMD_346,SNLQLIYNLTLCELNGTDWL
BertAIP_737,PYPQSQPQYSQPQQ
NeXtMD_2612,ATFEAMYLGTCKTLT
NeXtMD_3314,EFDPNSKVHAIMNIG
NeXtMD_2187,QYPSGEGSFQPSQENPQA
NeXtMD_3254,FYMFEDFLVYKSGIY
BertAIP_1440,SVLLVVVLFAVFLGS
NeXtMD_1679,KEGNGYIPTSCLREI
NeXtMD_4124,IGTGDDCIAIGTGSSNITIK
NeXtMD_2053,LLEQKRGRVDNYCRHNYGV
DeepAIP_4588,YNYMEPYVSKNPRQA
NeXtMD_3832,KQKTDARRKSSSFAEFSQSY
NeXtMD_190,MTSRDIEVQGFRIPKGTTLI
BertAIP_2036,EKVPESKVIFDANAPVAVRSKVPDSEF
BertAIP_552,ISIKYDPRKDSEVFAGGGSENKRTGALGNLKN
NeXtMD_1047,YFVAILDYLNHMAKE
NeXtMD_2404,ASYADNSNSEVRKIK
NeXtMD_29,MVPFIPLYRNGD
NeXtMD_2887,PYAVAFQPLLAYAY
BertAIP_2978,MSFWLLPPSFLLLLSSSMVE
NeXtMD_3143,EGWWPTLIGLAMNDS
NeXtMD_3346,AISVTMDNILSGFENEYD
NeXtMD_3338,DSDKNPLFLDEQLIRAEFQR
BertAIP_2370,HLRRGVGITGLIDDI
NeXtMD_1776,FGSTLLDVIQSGLEN
BertAIP_3297,GPGGENPESFYRAFSWEILE
BertAIP_663,RGVGITGLIDDVLAI
BertAIP_2772,RLDQDMLDEIIAEVD
NeXtMD_4156,NDKSDRNIPYSPLPPKVLDN
NeXtMD_293,LNQGSDYVRGKMIEY
BertAIP_2282,AAGKATTEEQKLIEDINVGFKAAVAAAASVPAA
BertAIP_2598,PITEAAETATTEVPVEKTEE
NeXtMD_1060,QSPMTSDDKCMTQQP
NeXtMD_383,IEIGLEGKGFEPTLEALFGK
BertAIP_2722,FLLLLSSSMVEAGAGTGWTV
NeXtMD_3224,LQPETFAVVDLNKMR
BertAIP_4901,SLEHPIVVSGSWDNT
NeXtMD_291,NTGVINILNSASRVAKNG
NeXtMD_221,REQRRFSVSTLRNLGLGKKS
NeXtMD_3784,TSEALTQYKCWIDRF
NeXtMD_1071,NSPLHQEYEENLGDSIVGYKEK
BertAIP_1584,CSREFCRMVQLPKSIDDSQLKCRMTDDGVL
NeXtMD_3638,LQVLKEVKAAASKVKANL
NeXtMD_2730,TIDGRGAEVHIGNGGPCLFM
NeXtMD_1790,QPNLKALREKVLGLP
NeXtMD_768,QFHQPLVSHQMRLSQ
BertAIP_2245,QYAGTDGPCKVPAQMAVDMQ
BertAIP_4858,LVEALYLVCGERGFF
NeXtMD_572,DHAREVKEKKRIMNDKKLIR
DeepAIP_4470,HSLGKQLGHPDKF
NeXtMD_2425,THPEIYLFKKLGVSLLKRI
NeXtMD_616,YDAVKGMNDGIAELI
NeXtMD_2577,PTFTIETTTLPQDAVSRT
BertAIP_2594,AAEDTPQDIADRERIFKRFDTNGDGKISSSELGDALKTLGSVTP
BertAIP_913,FGTGEQAQQRRKQWW
BertAIP_4689,ELEKYQQLDSERGVPN
NeXtMD_2070,EHRMTWDPAQPPRDLTEAFL
NeXtMD_2975,YVELQELMMDQRNQE
DeepAIP_3107,IPTAFSIGKTYKPEE
NeXtMD_735,KKQADQLRALQSSFE
DeepAIP_4510,TEDQAMEDIKQMEAESIS
NeXtMD_738,GGAYDTYKCIPSLEAAVKQA
NeXtMD_348,GALMLPHFNSKAMVI
NeXtMD_908,RLQQLVLDPGFLGLEPLLDL
NeXtMD_1500,MGRKFWVGGNWKMNG
NeXtMD_4193,QLAETKKKSEEAKQK
DeepAIP_4571,YTTEGGTKTEAEDVI
BertAIP_4554,QGNVFSCSVMHEALH
NeXtMD_656,VFTRHSQTTAIPSCPEGTVPL
NeXtMD_3827,AAILRRHIDLLVGSATLCSALY
NeXtMD_1153,PGLGNLLHVDFQNTPYCFDQ
NeXtMD_3668,VIGVGDSALTLHWFR
NeXtMD_3364,LENNVMTFNVNVKDILNS
NeXtMD_985,AGALEVHAVKPVTEE
BertAIP_684,MWFHYSSITLLTLGLLTNIL
BertAIP_687,NHKVTPTTAIIQDATSQIKNTTPTY
NeXtMD_151,KGGRKPARLIVFPDLGVRVC
NeXtMD_950,KLCPNNLCCSQWGWCGSTDE
BertAIP_4441,MDIDPYKEFGATVELLSFLPSDFFPSVRDLLDTASAL
BertAIP_4275,AQKFNGLTVLPPLLT
NeXtMD_1260,AIRSPEFQSIVETLK
NeXtMD_4,QTLKKPADDANKAVNDS
NeXtMD_937,STGFYLCTARSSLGS
BertAIP_451,KEQFFQFLQHLSADYPKQVQTVYEFLGWVADK
DeepAIP_4574,EDDLLNRNNTFKPFA
NeXtMD_3884,LDEVYNAAYNAADHA
NeXtMD_2133,YVEQVAQYKALPVVLENARI
NeXtMD_3477,IQEVKEQRISGLLVS
NeXtMD_4045,LVVYGGLNAINTALLPSE
DeepAIP_4598,GGGGESFGIVVAWQV
NeXtMD_798,AYSDDKSMKVTVAFNQFGPN
NeXtMD_2530,DEYYIIEKMIGQVE
NeXtMD_1221,LEAIRQLKLSVANSVNFA
NeXtMD_3783,NERAKSPAAMTAEDE
NeXtMD_3537,SEQKNTLLKSYKYIKESV
NeXtMD_2824,YVVKSFDRSTKVIDFHYPNE
BertAIP_2456,ADLGYGPATPAAPAAGYTPATPAAPAEAAPAGK
NeXtMD_3712,KEGETLVIVETDKVNAEL
BertAIP_4442,SVKKRLKGKFIWICK
NeXtMD_3690,WTILKPSDTINFESN
NeXtMD_2090,FRGSWIIAAGTSEAL
NeXtMD_184,EDLTLNDLETDVCTMDKCAG
BertAIP_1616,GSKYLATASTMDHARHGFLPRHRDTGILDSIGRFFGGDRG
NeXtMD_1645,LRHNPGGPSSAVPLLLSYFQ
NeXtMD_55,AVVCGRRHGVRIRVR
NeXtMD_1411,GAPLGGAARALAHGVRVLED
BertAIP_4923,DLKHFNLKYEDLHST
NeXtMD_1389,GMEVGWYRPPFSRVVHLYRNGKD
NeXtMD_372,PEMGDQAHMPYTTAVIHEVQ
NeXtMD_2940,SPTDPKTLVKFVEGN
NeXtMD_4133,VKVGDKIRVSGWGYLQEGSY
BertAIP_4512,NVYIPPYCTIAPVG
NeXtMD_1952,AVKENNSIKIQLYTH
DeepAIP_4523,QVAALTWVQTHIRGFGGD
BertAIP_2803,TYGVGHQPYRVVVLS
NeXtMD_3559,EVKIVATLKALQNAH
NeXtMD_2262,RFPNHYGCLLPRNPRTEDQN
NeXtMD_3984,NNFEFSYLLGGANVG
DeepAIP_3092,HDKDVVVLTSSRLSNR
NeXtMD_1164,RNLRASANPSKEKQK
BertAIP_4046,RKLYLKRKLIYDAAV
NeXtMD_2770,YFSKAYGVPSAYIWE
NeXtMD_356,FENNQRCMCEALQQIMENQS
NeXtMD_1449,QVYQGEREIASH
NeXtMD_2899,PPERPFQTTDITYTFTTDA
NeXtMD_2192,YDVFFAVANGNELLLDLSLT
NeXtMD_4141,ISEIRDQSSTSSTWAVSSAS
NeXtMD_3725,LVLVGRANFLEKPVL
NeXtMD_1747,SEFEDVIPEGWKADTSYSAK
NeXtMD_19,TYPPSNQNKLFKSQC
NeXtMD_3094,NENIKELLDKINEI
NeXtMD_2079,SLKLMATLFSTYASAD
NeXtMD_449,GQFEDFFPASSRDQS
NeXtMD_1415,MLMRTDPFRELDRFAEQVLG
NeXtMD_1728,VSNYQDPSNVRNCEL
BertAIP_4250,PVPQLQPQNPSQQQ
NeXtMD_1408,DSYKFIPTLVAAV
NeXtMD_793,CDVGSDWRFLRGYHQYAYDGKD
NeXtMD_3390,DIFERIAGEASRLAH
NeXtMD_3823,FLAPDDQIKKNV
DeepAIP_1063,ELYENKPRRPYIL
NeXtMD_706,IEDSFKLLNSEQKNTLLK
NeXtMD_3016,VIQTYTNVDQDLVGWPAP
NeXtMD_540,WPAPQGSRSLTPCTCGSS
BertAIP_4195,FLVHREWFMDLNLPWSSAGSTVWRNRETLM
NeXtMD_2917,LKTITHHQRLFMVQS
NeXtMD_2925,FNEIRRVLLEENAGGEQEER
NeXtMD_3877,SSYNYIKDSIDTDINFAN
BertAIP_3368,VRSYCYEASISDMAS
NeXtMD_94,STLTKTLVLVPLLANNR
NeXtMD_3980,SAGKVSSTLASELG
NeXtMD_1495,PTYLRSISVRNKDLN
NeXtMD_2202,ALGLLALGSSLAMILGLPLGRI
NeXtMD_2502,KHLLATSPKLAKYLS
BertAIP_1832,RDTRGLPEDLQDFLA
NeXtMD_2317,LREAAEKAKIELSSSQSTS
NeXtMD_1381,SFNIAIMHREDMQDI
NeXtMD_3349,MVNEAPGPINFTQLL
NeXtMD_3356,AEVSYVHVNGAK
NeXtMD_2025,NIACLLHNKYDSTKS
BertAIP_4644,YMKALGGVGLATRKLGNLAKPTVIIS
NeXtMD_191,GASILTYKTSKLYKM
NeXtMD_3737,VSYDTVKDYAYIRFSVSNGT
NeXtMD_1774,GVTVKDVTITAPGDS
NeXtMD_351,AKYDAFVTALTE
BertAIP_4500,GDNENQSTVKTNSVPNMSLDQSVVELYTWQASLALSYRLNMFTPYIGV
NeXtMD_52,CIEFVQQEVDYIIDH
NeXtMD_2421,YNTLDLNGGKGGPGD
NeXtMD_1370,THANALTVMGKASGPGA
NeXtMD_1216,PISVTAPPPQLPRPP
NeXtMD_1936,LGHTVCLSGFMGIDL
DeepAIP_3048,EGTKVTFHVEKGSNP
NeXtMD_2712,SSIIADQIALKL
NeXtMD_2840,GHFVKPEAFLPFSAGRRACL
BertAIP_4603,RLAKYNQILRIEEEL
NeXtMD_1431,RIKAFLALVECPCNK
NeXtMD_93,QDWLGVSRQLRTKAW
NeXtMD_387,YLGYLEQLLRLKKYKVPQ
NeXtMD_709,LLWLLLFLAILIWMYYHGQR
NeXtMD_1959,LLILRAIPKGIRDKGAK
NeXtMD_2450,KEKALIIIKSLLSTNLPYGK
NeXtMD_3063,TAHFEKKMGENTGIV
NeXtMD_2905,YAVITWRALNKL
NeXtMD_2086,IFLGPEPKSVVQ
BertAIP_2572,FVATFGAASNKAFAEGLSGEPKGAAESSSKAALTSK
NeXtMD_1377,ALLFLHLFNGLSTSLPL
NeXtMD_2518,AARLFKAFILDG
NeXtMD_3945,QHTILKDLVKLLNAFNGPFKSN
NeXtMD_2866,GPPGPAGTAGARGAP
NeXtMD_2059,YTKVSRYVNWIEKEKT
NeXtMD_647,KQKTNEPYEDFAARLLEAIDAE
NeXtMD_2067,SKDQIKKLTSLKNKLERRQN
NeXtMD_43,AKITRTLSLPFS
NeXtMD_3983,GIGTVLDQAETAGARLVV
NeXtMD_373,LWYYIALKKLRKAFPNKYVKM
BertAIP_4290,NFHSDITFRKLYLKR
NeXtMD_3131,MNAWVAWRNRCKGTDV
NeXtMD_2195,ENDIKFAQEGISYYEKVL
NeXtMD_384,ITGRLAALNAYVSQTLTQY
NeXtMD_248,CPTNLGTTVRASVRI
NeXtMD_3561,IAGPVSEVTALNRQI
BertAIP_1875,GFEAAAWYWHFVDVIWLFLY
NeXtMD_2056,ISTNMVEEILRLMGQ
BertAIP_4385,MEGVLIPAGFIKVTILEP
NeXtMD_942,GDGKMKELSPRWYFY
NeXtMD_2173,KYDFDGVNRGTRGTS
DeepAIP_4636,ASQYRPSQRSK
DeepAIP_4496,QLQPFPQPELPYPQPQS
NeXtMD_232,LRQTKVPSLFVESSV
BertAIP_1486,LHLSEQYKELEKTKSKELKEQILRELTIGENFMKGAL
NeXtMD_2629,IPALAGKVLRFQKAFLTQLD
NeXtMD_700,GRLITANPVVTKKEE
NeXtMD_2536,RSTMKPVQKVLEDSDLKKSD
BertAIP_2809,TFGLQLALTEG
NeXtMD_736,IVKTGERQHGIHIQGSDPGGVRTA
BertAIP_4393,TVATAPEVKYTVFETALKKAITAMSEAQKAAK
BertAIP_3819,DELLECLSPATSRTF
NeXtMD_881,TSSEVATEVPFRLMHPQPED
BertAIP_929,NQLPDEFVVIERKKRSLS
NeXtMD_1929,EYVTLKKMREIIGWPGGSGD
NeXtMD_3161,YLYQLSPPITWPL
NeXtMD_962,FFRMVISNPAATHQDIDFLI
NeXtMD_1697,FAGAAGSAKSAAGTASHVSI
NeXtMD_3174,SIEYILKDLIIKDPN
NeXtMD_131,EKLHWDVVPMSQQPF
NeXtMD_582,MADEQLQLPPEQISV
NeXtMD_2307,YTVALFLAVALVAGP
NeXtMD_1689,APSALEHPETSLRDP
BertAIP_1882,IEKDRLQGMAPAAGA
BertAIP_1253,RGPVNYHFSNYMNLD
NeXtMD_3502,GKLEYSYCAPEAGWQCA
NeXtMD_526,TPAETTVRLRAYMNTPGLPV
NeXtMD_1012,EPVSLTLALLLGGL
BertAIP_379,SGTVDFDEFMEVMTG
NeXtMD_1355,LSPRIRKVGDIEFHACSDYI
NeXtMD_773,VPRRGPRGGPGRSYA
BertAIP_2173,GQAEPDRAHYNIVTFCCKCDSTLRLCVQSTHVDIR
NeXtMD_3966,KSMKVTVAFNQFGPNAGQRM
BertAIP_2470,YVRVFLGPKYDYLHS
BertAIP_3459,EDLDMMIEEIDSDGS
BertAIP_2526,ICSLYQLEFVNQHLCG
NeXtMD_3219,EVKAEQVKASKE
NeXtMD_4042,SGSLSGFLSTDVLDI
BertAIP_2287,SYDFVTPNMFMKDVF
NeXtMD_2460,DCFIYEDQIRPQDRE
NeXtMD_3749,DRRHYFVEIDRFPYK
NeXtMD_3430,IFDSRGNPTVEVDLF
NeXtMD_2440,DVSYSKSYLYGYKSK
NeXtMD_3379,ASGFTFSNYAMHWVR
NeXtMD_2393,RIMNDKKLIRMLFDTYEYVK
NeXtMD_2766,ENGDVKFDLIPKENTERSHK
NeXtMD_516,LTMSNVKNVSQTNFKSLLRNLGVS
NeXtMD_3727,ACNTIGGYECGGGS
BertAIP_1057,TFGLQAELTEG
NeXtMD_2595,ADMLEQYNPNYTTPELNLL
NeXtMD_338,WFLDEFKVLQLFTGL
BertAIP_1656,TSQASDDATAGATTTQAPVEAPEPPH
BertAIP_3837,ANDAEVQAAVAYLQS
NeXtMD_2879,CSFWSKYISSLKTSADGAK
NeXtMD_3806,PVPLPPQGSDVKVGDKIRVS
BertAIP_4567,PEQSRCQAIHNVVH
NeXtMD_2808,DFVRAAGVYAVD
BertAIP_2977,EQVPLVQQQQFPGQ
NeXtMD_1904,RNNHPQNTSDSQKECTDGNK
BertAIP_2423,TLVVNKIRGTLKVAA
BertAIP_1807,TYTEHAKRKTVTAMDVVYALKRQ
NeXtMD_259,MDRPRTPPPSYSE
NeXtMD_555,RNIPPRMFTAEEKAEA
BertAIP_1226,AAALGIGTDSVILIK
BertAIP_1092,KALPVVLENARILKNCVDAKMTEEDKE
NeXtMD_3173,LAQGAYRTAVDLESLASQLT
NeXtMD_3408,NALYNYSIPRPNVTSNL
BertAIP_2752,LKRKLIYDAAVEGDL
BertAIP_1407,LKKAFDAFDREKKGC
NeXtMD_1498,YPFLNLLHTPPHRPP
NeXtMD_1320,ASYFKSNCPDAYSYA
BertAIP_1786,MVRVPVPQLQPQNP
BertAIP_3204,FDLFLFSNGAVVWWG
NeXtMD_1458,FKVKYDTDQEFLDTK
NeXtMD_3416,QGDAKKGANLFKTRC
NeXtMD_542,NYVSTVTVSPDGSLCASGGKD
NeXtMD_931,QVAFSYFPPPAAKED
NeXtMD_1651,SKTSASIGSLCADARMYGVLP
NeXtMD_3039,PINGWAVYSKDNSIRIGSKG
BertAIP_2949,IDFLNGIHDLLGIPH
BertAIP_2943,KIEIGMDVAASEFFR
BertAIP_3150,KKEPVSLTLALLLG
BertAIP_387,DHQLDPAFRANTANPDWDFNPNKDTWP
NeXtMD_2416,YSTYGKFLADAGCSGGAY
NeXtMD_236,LANEDCFRHESLVPN
NeXtMD_2841,VNNTDTNFHSDITFR
NeXtMD_2251,QLQKNFQAISSSIAEIYNRL
NeXtMD_1435,KGGFTFTDQNNQALSSTAV
DeepAIP_3129,KLRSAGELELQFRRV
NeXtMD_534,NQRALYHTENAYVSVVS
NeXtMD_2650,VRKVFLRLLPQLLRMHVRPL
NeXtMD_997,IYETFSKLIKIFQDY
NeXtMD_155,AEDGKYIDYRARQTR
NeXtMD_1523,VDVSEGDIVIYSKYG
NeXtMD_2068,QTDAKTDVPMSLENF
NeXtMD_2794,YHLLCLERDLQRLIG
BertAIP_2788,PDKVDSYVWQTSTNPSVFWT
NeXtMD_968,EKLKHILGKARFIKLN
DeepAIP_3163,LTKVNATEPERTAMKKI
BertAIP_693,YPNELLQEYNWELADQPQNL
BertAIP_2878,DMEGIGYSKVVENNL
NeXtMD_1433,IVDTISDFRAAIANYHYDAD
NeXtMD_632,IDTDINFANDVLGYYKIL
NeXtMD_1735,MSESLAIARFIARK
NeXtMD_623,HGRQIRMAKLLGRDPE
NeXtMD_2024,FTEEGAIVGEISPLPSL
NeXtMD_1209,EAVSLLCSDKQPCNG
BertAIP_1296,SNVTWFHVISGTNGT
BertAIP_1234,SVVTVPSSSLGTQTY
NeXtMD_1648,RHRIKMGASLLQIYSA
NeXtMD_1662,RFLEYSTSECHFFNGT
NeXtMD_3564,ERYQLVSYKLVSRSG
NeXtMD_1761,VIGMDVAASEFFRSG
NeXtMD_958,WVPSKKCHLTNIACL
BertAIP_1700,VTEKDVELLHEIEAHYHTQIDELPVDFAAY
BertAIP_2223,PAMCNVYIPPYCTI
NeXtMD_2456,DLYILMSHTSGSAA
NeXtMD_1805,TYIFPVNYTVHTPEQ
NeXtMD_3576,GNNLKSLEVSEEKAN
NeXtMD_629,TPNMYFKDVVIYHKK
NeXtMD_1119,NGSAAPQLTKNAGVLTCILS
BertAIP_4590,PRIGGQRELKKITE
NeXtMD_2189,SLACPQQAGSYIKVVSTSRD
NeXtMD_3373,KKKKKKAKEEAPAAE
NeXtMD_491,VLGLPAIKAWVAKRP
BertAIP_4270,PNKYWNSSTATSLCN
BertAIP_2899,YPTFGEHLQANDLDY
NeXtMD_2065,ISTRVRCGRSMQGYP
NeXtMD_1802,EMLGTRLDQDMLDEI
NeXtMD_639,VRKIKATQNEQTCVP
NeXtMD_353,TVTRGTISDPQRAKEALDKY
NeXtMD_3782,YANYRDIDLGRNEVV
NeXtMD_1373,LKLIETHLRTIPSHAFSNL
NeXtMD_1327,ISFSKDCMGEAVQNTV
NeXtMD_3272,CLELAEYLYNI
NeXtMD_3183,ECDFQEFMAFVAMVTTACHEFFEHE
NeXtMD_2350,DKTIKLWNTLAECKY
BertAIP_3470,KARGREGYFLARGARGREGYEGYFVTDEK
NeXtMD_2047,NYHSGYYRPNKQHGN
NeXtMD_1869,YIDINKTIADMLEQYNPNYT
NeXtMD_2228,LFFNHHKVMLLGHDDAYSDD
NeXtMD_1992,RKVVTDFFKNIPQRI
NeXtMD_1912,IFGGSDWKYVDGEFT
NeXtMD_3465,RVPFSHDDRLGFLTF
NeXtMD_2832,SKKLLELNRMISHIFFIS
BertAIP_3962,MAKLTKELKTTLPE
NeXtMD_929,EMLGHRLDDDMLQEI
NeXtMD_1034,RAPRKTSERSQPRGRRQPIPKARR
NeXtMD_3187,FVDGKEVTSKPANKVS
NeXtMD_1222,SDEGGYTCFFRDHSYQEE
NeXtMD_1089,AGVLWVCATGMARQV
BertAIP_4212,AALALLLLDRLNQLE
NeXtMD_734,RRGPRLGVRATRKTSERSQPRGRRQ
BertAIP_4911,FLYYYILCYARDFGS
NeXtMD_3513,GSSQIWIDHCSL
NeXtMD_2261,AQGTLSKIFKLGGRDSRSGSPMARR
NeXtMD_3887,SAINHALDVADKYDVQ
BertAIP_4377,SERIRMAPPASASKA
BertAIP_1203,VCGERGFFEELVARSE
BertAIP_2976,TTVKTKNTTTTQTQPSKPTTKQRQ
NeXtMD_2690,NFDMLPCYSVARIPL
NeXtMD_3329,TSKLDAAYKLAYKTA
BertAIP_2112,YDAAVEGDLLLKLNN
BertAIP_2461,TESETEQAFLSA
NeXtMD_745,CVENPNPTCNENNGGCDADA
NeXtMD_2223,IDSFYQAFNHPLRPLLLIV
NeXtMD_3995,RLFGAEVGWLALHHN
NeXtMD_469,MEHDLERGPPGPRRPPRGPP
BertAIP_320,ALTLMYLSGMKIPND
NeXtMD_627,HDKKSMGDDHFWAVR
BertAIP_2647,ISFEIYPAHLFYSLI
NeXtMD_212,AFYQIWKRVQHYFNK
BertAIP_3637,EEDEVSIKEAAEAVV
NeXtMD_3678,LGPEAPHVDYTQLGR
NeXtMD_515,APAEPEAPAPETEKAEEVEK
BertAIP_1554,YGMILFIVSEVFFFTGFFWA
NeXtMD_4132,HPVAINASSELHLLG
BertAIP_2372,RGQSQLFSLNPRGRSLVTAGRIDREEL
NeXtMD_3928,LTLMNVKNIIIH
NeXtMD_3292,STLRNLGLGKKSLEQWVTEE
NeXtMD_3081,GKSSFYRNLLWLTGKNG
DeepAIP_3141,KYDAYVATLSEALRI
NeXtMD_2558,SYKYIKESVENDIKFAQE
NeXtMD_2626,LSGFENEYDVIYLKPLAG
NeXtMD_3969,PAEDVSLMASIDSMI
BertAIP_278,HVRRGVGINGLIDDV
BertAIP_1535,DADGSGTVDFDEFME
NeXtMD_2007,EALEILQQNKILANFV
NeXtMD_1212,CAMGLPAYFKMNSPS
NeXtMD_1753,LNQEAHYQFDSIHKF
NeXtMD_1508,LTLLRAFTEEGAIVGEI
NeXtMD_2495,RLPIVLNLVNRALAAPLNRA
BertAIP_4780,STEIYQAGSTPCNGV
NeXtMD_1729,IDQIEKQAKDLAFPG
NeXtMD_1465,DAYPSGAWYYVPLGTQYT
BertAIP_1734,GQVELGGGGIVEQCC
NeXtMD_763,EAGFAKLAASDSKSL
BertAIP_1261,IRALFGLTLNGKASR
NeXtMD_374,GATVAVDCRPFNGGE
BertAIP_1957,DWEDRYYRENMYRYPNQVYYRPVDQYSN
NeXtMD_2333,RFNKRENFKNVLESDLIP
NeXtMD_3052,NFHYEECSCYPDTGTVM
NeXtMD_3585,GDSEDMVCTPKSDEFNPCEDI
NeXtMD_885,LLDFLAMHLWRAVVR
NeXtMD_3327,GVLIFGKQGSEKTNV
NeXtMD_1318,QGYRVSSYLPLL
NeXtMD_84,LRKGNYAERVGAGAP
BertAIP_457,PFTVRYTTEGGTKTE
NeXtMD_2201,YWLCAAFGPSIKIWD
NeXtMD_1404,SYVLEGTLTAEKTTLVVKEG
NeXtMD_261,QIWIDHCSLSKS
NeXtMD_2281,VQGIIIYRAAYFGVYDTAKG
NeXtMD_2806,TLVVNRLRGSLKICAVKAPG
BertAIP_3627,KARYMPHVDQSSIARYASFRSTEAIRYSSIMVVANK
NeXtMD_1017,MDALENQLKEARFMA
NeXtMD_1443,CFWYIPPSLRTLEDN
NeXtMD_3831,TYAPVVMKPKPQGPV
NeXtMD_1255,LINIDKIYIKNKHKF
NeXtMD_2334,YDYTICGDSEDMVCTPKSDE
NeXtMD_41,KEAVPLEDLVLPEPVG
DeepAIP_3153,LIEKINAGFKAALAA
NeXtMD_2885,AGAFHLLMAESLRIHYA
BertAIP_3594,DPIHYDKITEEINKAVDEAVAAIEKSETFD
BertAIP_4511,ALLLTSGLVMWFHYSSITLL
NeXtMD_1576,LIYDAAVEGDLLLKL
NeXtMD_1172,MLVAAPLAAANAGVT
NeXtMD_171,GDLLAEIETDKATI
DeepAIP_4652,FEAQKAKANRAVD
NeXtMD_1055,LVVFSDPNADAATSV
NeXtMD_2878,AIYFVFLRTSKNLELVES
NeXtMD_1137,KGAGSSQDACIKFIQYEVDG
NeXtMD_1700,AQPPRDLTEAFLAEMEKAKG
BertAIP_861,ADYSVLYNLAPFFTF
BertAIP_4068,TGNNDPQNADRSNLTGANNATWNPKGSAEGFAV
NeXtMD_3299,KERYSTLYISNAQVE
NeXtMD_1769,WEKPFRFHPEHFLDAQGHFV
NeXtMD_680,LLIIAIYALNSKKLLELN
NeXtMD_2210,QAEQSLIVLESDKASMEI
BertAIP_914,VDIELVTTTVSNMAEVRSYC
BertAIP_731,FNVSIKTPVLSVNAT
NeXtMD_386,HINEGQFLYALSSAL
NeXtMD_2777,DAYYNYLNNLVLASYNR
NeXtMD_2563,MDEIPAEQVVLLKKA
BertAIP_1003,LRSIFGTGEQAQQRR
NeXtMD_1639,IYFAALSPAVTFGGL
BertAIP_2424,KGVSYSLCTAAFTFTKIPAE
NeXtMD_2570,FKAYSYCGVGPHDSV
DeepAIP_3131,KPAAAATATATSAVG
NeXtMD_3199,STNKAVVSLSNGVSVLTSKVLDLK
NeXtMD_365,NCKLKINHIGHTGYL
NeXtMD_3013,PKEASHLITVLPAAV
NeXtMD_1682,IDVVDSYIIKPIPALPVTPD
NeXtMD_3302,TGHMILAYMEDHLRNRDR
NeXtMD_3578,NQNLRVAKISMPVNT
NeXtMD_912,GVHIPYKISASTNCATVK
NeXtMD_3060,RQAACNCLKQLSASVPGV
BertAIP_3550,PRHGEQFYYFYQQIY
NeXtMD_1913,AQGYKVLVLNPSVAATLGFG
BertAIP_44,HWFVTQRNFYEPQII
BertAIP_3563,IKDSSLAFGLIIL
NeXtMD_3399,QAVLLPKKTESQKTK
NeXtMD_115,YASVFSNNAKEIIRLHSDAS
NeXtMD_3597,TFQEIVIDYIDINKTIADML
NeXtMD_3663,NVIYSQNSFLPRATT
NeXtMD_3160,TVEVVEGMQFDRGYISPYFV
NeXtMD_235,HMAKEDLVANQPNLK
NeXtMD_3606,ASMAHNREELLRSLES
NeXtMD_2032,FSLVLMAGTFLLAMTLRKFK
NeXtMD_174,GGGPGAGSLQPLALEGSLQK
NeXtMD_3402,NSFGDLINPFDYTK
NeXtMD_113,FLPLLALLALWEPKPTQA
BertAIP_4245,PAFGANSNNPDWDFNPNKDHWPEANQV
NeXtMD_1057,LSIYEAIKGVDGLDA
NeXtMD_2119,ERNTTIPTKRSETFTTADDN
BertAIP_4413,YEIFRFLPKDIQVAL
NeXtMD_470,ATEGRVRVNSAYQDK
NeXtMD_3403,FETNVSHNVQGATVA
NeXtMD_3415,ELVAVRKEQQQRGRR
NeXtMD_4016,YNLDKIAEGLAK
NeXtMD_3893,FGAMAKKGDEQK
NeXtMD_648,AVVGISRSFGMPFHF
NeXtMD_3804,GNAEKYDKMDEPQHYGKS
NeXtMD_96,KLEEVAGKYNLQVRG
BertAIP_519,GEPGAPGNKGEQGPKGEPGPA
NeXtMD_1732,GLFGAIAGFIEGG
BertAIP_3765,LPYITADATGPKHMNIKVTRAKLESLVE
NeXtMD_2568,LPVGAANFREAMRIG
NeXtMD_211,AGSKLCEKTSKT
BertAIP_2667,GYYWSWIRQPPGKGEEWIG
BertAIP_3230,CKANKIQDKVTI
BertAIP_1107,DVLAILPIEDLKALF
NeXtMD_3169,LNSKIAFKIVSQEPA
BertAIP_4291,YEAFVLHFSEALRII
NeXtMD_842,TKEGRAMNRRVFATI
BertAIP_3545,YISSVAYGRQVYLKLETTSKSDEV
NeXtMD_2324,YDEPMTPGQCNMVVE
BertAIP_1607,DTKLRIMKTHQFTNC
NeXtMD_3026,QLTKNAGVLTCSLSKRC
NeXtMD_1546,GIVEQCCTSICSLYQ
NeXtMD_227,PDDQIKKNVLAR
BertAIP_3224,WSGICVNDTYAYVLKDFDHSIFSYNGTY
NeXtMD_3429,AAIFLYNLSVKSGYFL
NeXtMD_2088,YKDLTSSNYVVKDPYKFL
NeXtMD_3112,NVVLQKSFGGPQVTK
NeXtMD_995,PYYLSDITDALSPQV
NeXtMD_1983,KFTIDYNDKGKAFSA
BertAIP_1990,NQLKEARFMAEEADK
NeXtMD_4036,GRLITVNPIVTEKDS
NeXtMD_2918,LPVKKATVVYQGERVK
NeXtMD_3011,IELQCSGALSETGYA
NeXtMD_2071,TVRTDAVNKEAL
NeXtMD_2985,FLPFSAGRRACLGEPLARME
BertAIP_2567,QNLSLADVTEEAGL
DeepAIP_3191,PATPAAPGAGYTPAT
NeXtMD_459,GAGPKDNGGACGYKDVDKAP
NeXtMD_2736,MRKLAILSVSSFLFV
BertAIP_434,EQVVLLKKAFDAFDR
NeXtMD_2839,PDAGPPQRWFVVWLGTANNP
BertAIP_2359,RSEERLATATAKLAE
BertAIP_3901,LNKNKYLTVIDKDAFG
NeXtMD_146,HEVQRFGDIVPLGVTHMTSR
BertAIP_464,VLLFLSVNVHADTGCAIDISRQELRCGSGV
NeXtMD_2804,YLAWQAGMDMCSAGW
NeXtMD_522,AASGAATVAAGGYKV
NeXtMD_911,DNNGNRHVPNSEDRETRPHG
BertAIP_4932,YKKDTKESVTQVWN
NeXtMD_3595,VPIMNIYSAFEFDPN
NeXtMD_242,MMLTCVEIKEGALML
BertAIP_1353,SLQKRGIVEELVARSE
NeXtMD_2397,MRLSQVIKLADTSSS
NeXtMD_4165,AYLHFLFEMTKDPVF
NeXtMD_890,HNYGVGESFTVQRR
DeepAIP_3063,EVLKGPFTVRYTTEG
NeXtMD_1484,EDYEKSKKDYEELL
NeXtMD_2829,FPTLLLIVTLYRLALNVATTRM
BertAIP_1736,KLKERWGSNELPAEEGKTLL
NeXtMD_423,ENNHRIFLAGDKDNV
NeXtMD_3305,AAESSSKAALTSKLD
NeXtMD_3098,ETLNPVVQQNLKLSS
NeXtMD_3592,LLENGAIFVTSG
NeXtMD_1356,LPGPSPAQLFQDSGLLYLAQE
NeXtMD_1491,KLDSGLVYNPQLFDA
NeXtMD_1674,LADKTYLTRQRDLLK
BertAIP_2003,EVFFFTGFFWAFYHSSLVPT
NeXtMD_875,FQDTHNNAHYYVFFEEQEDE
NeXtMD_3763,VEVKIKELNYLKTIQDKL
NeXtMD_3896,ELIHQIFNIVRDTRG
NeXtMD_3550,GSSQHQERCCNELNEFENNQ
NeXtMD_3723,VALALFLLAAHASARQQWEL
BertAIP_3218,ERRAKEKLQEQQRDLEQRKADTKKKPIVQYDNF
NeXtMD_891,VKPLYIITPTNVSHI
NeXtMD_35,TNKVNSVIEKMNTQFTAVGK
NeXtMD_1939,QRSRQFQNLQNHRIVQIEAK
NeXtMD_23,EQNVRSAGELELQFRRVKCK
BertAIP_4436,FNGTKLDAVYLNKNKYLTVI
DeepAIP_2992,VDSGAQLGELYYAIH
BertAIP_4863,ILAIAIYESRILKRK
NeXtMD_2449,YLTRQRDLLKLLVRI
NeXtMD_864,RRVTETRSSFSRVSGSPSSGF
NeXtMD_1463,EIDGKQTHQSVAISR
BertAIP_2672,DIPQQEPNIPEDSEKEVPSD
NeXtMD_295,VPYSDGSCTQRASEA
BertAIP_2781,ETALKGEDKAAIEAKMQELAQVSQKLMEIA
NeXtMD_4173,MWPFLRSSVRLISILSADLFNT
NeXtMD_3750,DDQPRPRGDNFAVEKPEENI
NeXtMD_2332,PGTRINQETVSLDANGVSGS
NeXtMD_549,ATPPGSVTVSHPNIEEVA
BertAIP_1278,PHNSNFGYSYAKRMI
NeXtMD_3348,VIKGGRHLIFCHSKKKCDE
NeXtMD_1907,TSLAGVANHLLDCFIYED
NeXtMD_3189,GRFDGTVEVKEGGFE
BertAIP_703,AEDNQSAVTIHVLQGERKRASDNKSLG
NeXtMD_137,AAFNNAIKAGTGGAY
BertAIP_2708,YANIFSNNAKEIIRLHSDAS
BertAIP_951,TVFEAAFNKAIK
NeXtMD_2506,QDRIGYVYALPTKAA
NeXtMD_3352,LSKLEELSDKIDELD
BertAIP_795,RGGWSYYAATIRKVQ
NeXtMD_1808,SFLLDILGATGSDSLTLV
BertAIP_2401,TQRASEAHASLLPFN
NeXtMD_1248,WTSYGILIARKGDRI
NeXtMD_3405,GPHDPLPHSPSDSAGNDGGP
NeXtMD_2854,EEDKENALSVLDKIYTSPLC
BertAIP_2897,QKYSEHFSIHCCPPFTFLNSKK
NeXtMD_848,DALVAKAQEVS
NeXtMD_1244,IGYSGTGEGNHIENDPLKIK
BertAIP_1748,PARMQYEKITAHSMEQLK
NeXtMD_3844,IVGLLHSLDSLKLALK
NeXtMD_2376,PITQILGFGPRSQGVFLARY
BertAIP_3503,YDIEANINNYKYPYV
NeXtMD_646,HVIEVQQINSERSWFF
NeXtMD_1342,EMLAAERPRGVFNRQLVLGE
BertAIP_4107,EKNALTKNHKEEMSQLTGQNDGDVNVEINVAPST
NeXtMD_3092,KNIIIHNINIHD
DeepAIP_4650,DIGSESTEDQAMEDIKQM
NeXtMD_1182,ALASPGSCLEEFRASPFLEC
NeXtMD_2557,KKRFMKLNINVSLPQTLSLK
BertAIP_3167,HLVEALYLEELVARSE
BertAIP_3883,QQPISQQQQQQQQQ
NeXtMD_2146,VHVFINTQYAGITKI
NeXtMD_2951,FLAIGFIYALKRNALSWQK
NeXtMD_1502,SGHAFGAMAKKGDEQ
NeXtMD_2689,ATTEEQKLIEDINAS
BertAIP_4929,TFPAVLQSSGLYSLS
NeXtMD_1432,TSQLAMIQNAIDEYH
NeXtMD_2291,FTTKVIGKDSRDFDISPKV
NeXtMD_1257,QFEIDRLAAALADAE
NeXtMD_3941,DVFVIREPFISCSHLE
NeXtMD_4189,GNKPVYEVAIPDRLT
BertAIP_2362,NPSQQQPQEQVPLV
NeXtMD_3679,LASSCQVAFSYFPPP
NeXtMD_1215,INYNLKQHETFKRRV
NeXtMD_1263,LFDYNEKVDNLGRSG
NeXtMD_518,NTQYAGITKIGNQNF
NeXtMD_2255,TRHVTKAALLAAVTL
NeXtMD_2115,YLGKQFGLSGKDDWE
DeepAIP_4524,YRSLQPEEFAVVDLS
NeXtMD_505,DERGTPEYNIALGQR
NeXtMD_3072,LEYYLREKAKMAGTLIIPES
NeXtMD_583,IKWLVNFGVGWGYIP
BertAIP_3632,NKDFCKDIRWSLGDF
NeXtMD_2365,ENIQRFLPNPAGVQLEDPEF
NeXtMD_3600,EQISVLRKAFDAFDR
NeXtMD_1290,VFFEEQEDEIIGFG
NeXtMD_3515,AIAQRKLSALSAELE
NeXtMD_1163,AEERADIAESQVNKLRAK
BertAIP_3841,SSSGSLIYKPGTGYSQSSYSYGSGGSRPGG
NeXtMD_845,DGTQQFYHYASSVKPARVIF
NeXtMD_1570,IYECKGVTVKDVTIT
NeXtMD_316,MTCENQNPCFPIQLP
BertAIP_4274,YVEVCQGNVQAAKDG
BertAIP_271,VLRIVNEPTAAALAY
NeXtMD_2790,KRNQFCLSWSVYKPQ
BertAIP_4049,LAKEWQALCAYQAEPNTCATAQGEGNIK
NeXtMD_2845,PAIKAWVAKRPPTDL
NeXtMD_1004,STSLVKAHSMRNSAS
NeXtMD_862,MGGVAALFGMPWLSA
NeXtMD_3066,FKVRFDAQGFAPEDINVTSS
NeXtMD_3542,SIKKYINDKQGENEKYLP
NeXtMD_1723,GDGFIDFNEFISFCN
NeXtMD_3425,GYKSKKINYDSLYNL
NeXtMD_488,LRVGGRCHPHVNGVF
NeXtMD_2955,SWFITQRNFFSPQII
NeXtMD_2618,YGDAEKPAESGGSQPPRAAA
NeXtMD_996,RGILESLMCNESSMQSLRQRKSV
NeXtMD_1892,VIMGNWENHWIYWVG
NeXtMD_2679,SNNGIKQQGIRYANP
NeXtMD_2898,VLSILNYKTEVNVKG
NeXtMD_570,LASLIYRRRLMKQDF
NeXtMD_3814,SQIFRRVFSLIPVI
NeXtMD_436,IPSLEAAVKQAYAATVAAAPQ
NeXtMD_932,ISYILNRHDNQNLRV
NeXtMD_4125,EKFPSSPPTTPPSPAKTD
BertAIP_1411,LGKGIHQIFGAAFKSLFGGM
NeXtMD_3,LAQEAGNFERISGDLKTQID
NeXtMD_3898,NVTSIHSLLDEGKQSLTKLA
NeXtMD_3577,TAKAPGLVPKLDAAY
NeXtMD_2907,EVVKANGGYLAAGKL
NeXtMD_3067,AETQHGTIVIRVQYE
NeXtMD_3757,DPSIHVLKMVAELTH
NeXtMD_31,SCFEIKCTKPESCSGEAVTV
DeepAIP_3207,PQDPDNTDDNGPHDPLPHSP
BertAIP_4486,HAQQQAGSADASANNAKDDDVVDAEFEEVKDKK
NeXtMD_2581,SLGILGIKNLIAAAVPKLTIE
BertAIP_2524,AAFVGAAATLVSLLTFMIAATYNFAVLKLMGR
NeXtMD_2655,FISEAIIHVLHSR
NeXtMD_554,FFVRSIGSKGGKLAAGKYTDAVTV
NeXtMD_4116,NKEKRDKFLSSYNYIKDS
DeepAIP_4541,APTGMFVAGAKYMVI
NeXtMD_1741,KENALSLLDKIYTSPL
NeXtMD_719,GPPGPAGPAGERGEQ
NeXtMD_179,KARVDELERIRRSIL
BertAIP_3873,GITGLIDDIIAILPV
NeXtMD_3080,GDLLLKLNNYRYNKD
NeXtMD_2872,GVYRSLKKQLENNVMTFN
BertAIP_83,LQTLALWSRMD
BertAIP_3184,KTLPEMPVGVPEMPAGVDY
BertAIP_579,QSIVQTLKAMPEYQD
NeXtMD_3619,ATQNEQTCVPQFHQP
NeXtMD_3069,GIVWVATEGALNTPKDHIGT
NeXtMD_2520,ILGGKKFTLEGKDYI
BertAIP_3948,MQWNSTAFHQTLQDPRVRGLYLPAGGSS
NeXtMD_523,HPGNTILHVDTIYNRPSNTT
NeXtMD_3961,VETYVLSIVPSGPLKAE
NeXtMD_3557,VNTTDMMIFDLVHSYNRFPD
NeXtMD_45,LVDVTLGSTHVT
NeXtMD_3818,KPQEEKEKITKEILNGK
NeXtMD_2051,TTCSDKSRPLNDLVS
NeXtMD_2374,LEDPIENLGAQMVKE
NeXtMD_2111,VQYSRADEEQQQALSSQMGF
NeXtMD_2602,KIDVENLIKNSKALMDLEV
NeXtMD_3449,ESKGLADEERMDALE
BertAIP_378,MYKHLFFLDSKTLDRLTP
NeXtMD_3252,APEAPAEQPKPAPAP
NeXtMD_723,DSLSPRRAGAKAGPGLSPGT
NeXtMD_1604,VVLLVATEGRVRVNSAYQDK
BertAIP_1597,NQDFTNRINKLKNS
NeXtMD_3556,ATALPKNETPEVTKAEETKT
BertAIP_2317,NLLEKLREKGVDVDK
NeXtMD_3593,ESWGAVWRIDTPDKLTGPFT
BertAIP_4152,LQGQWRGAAGTAAQA
BertAIP_4281,KTPEQRTNTLTVELGKKWIG
NeXtMD_3284,KHISSNEYIIEDSFKLLN
NeXtMD_678,TRMQTQINGLNQGVSNAND
NeXtMD_3682,AVLLVPANKKFFVNNLVFRG
BertAIP_1908,ADYSVLYNSASFSTF
NeXtMD_4024,QGPEGKLGPLGAPGE
NeXtMD_3555,YQTLKQSTWINYFKL
BertAIP_505,PPNPPNPPNPDIPERKPNIP
NeXtMD_644,NAAYNAADHAAPEDK
NeXtMD_3838,SNYDEEVKIVATLKA
NeXtMD_2499,AVLTGYSLFQKEKMVLNEGTS
NeXtMD_1379,KYKIAGGIAGGLALL
NeXtMD_1997,DQRNQELQWVEEAAH
NeXtMD_1779,TVTGRCEALYEVDHL
NeXtMD_4022,KEFANVVRVVRHTSK
NeXtMD_1272,QSKVWIKMSTSKMPH
NeXtMD_3395,LKLYQWILKQKSMASEEI
NeXtMD_945,AMKRHGLDNYRGYSL
NeXtMD_2764,WPADLQYIYSKVNNL
NeXtMD_2779,ESSVDDRPMKTVSQD
NeXtMD_182,RQNIHSLSPQEREQF
NeXtMD_4162,IIKMMESARPEEVSFQG
BertAIP_1039,YIMSGPARYVYFHMVLPVEAQ
NeXtMD_1358,DIPEQKPNIPEDSEKEVPSD
BertAIP_1023,KVCEFQFCNDPFLGVYYHK
NeXtMD_86,AKDMKIMQNIAQTISLIAGQK
BertAIP_5016,HKVMLLGHDDAYSDDKSMKV
NeXtMD_4056,DAVSQAGTWSALNSI
NeXtMD_3618,TIPYYTKKFDEVVKA
BertAIP_2438,WNKPSKPKTNLKHVAGAAAAGAVVGGLGGY
NeXtMD_3599,TIDVNFYCVPLGPAA
NeXtMD_1407,EHNPRKVIDLLLSLY
NeXtMD_1162,GRRITTRRIMENGQE
NeXtMD_3635,PKDWGDVDTLGNLDP
NeXtMD_3761,LQWLSFILSLKKRLLPLLLSL
NeXtMD_847,QEAFSHIRIPLPH
DeepAIP_2966,TALKKAITAMSEAQK
BertAIP_4158,LRSIPNKLGGVLALVLSILI
NeXtMD_284,KNDMVINLNQEL
NeXtMD_2844,AGFKGEQGKGEP
BertAIP_3053,YDTLGTLCNSTEDGP
NeXtMD_3958,VIVELIPSTSSAV
DeepAIP_4589,EPERTAMKKIQDCYVEN
NeXtMD_2797,SYSYNKDNNELSHFA
NeXtMD_1718,EEAFFSFCESNNLEY
NeXtMD_887,ASLKPEFVQIINAKN
BertAIP_2721,KPYPASCCKSG
BertAIP_2411,LATATAKLAEASQAA
NeXtMD_40,LMNSPEFHLVFGECEGVKIQ
NeXtMD_3337,TRNLMGVSELLISTA
BertAIP_1640,FIADLVVGLSTGQIK
NeXtMD_1611,DGTTTATVLAQAIVR
BertAIP_2137,RCQAIHNVVHAIIL
NeXtMD_1224,SRLSKVAPVIKARMMEYGTT
NeXtMD_2698,ERITQIAKGQEQWFRVNLRT
NeXtMD_3236,LNWVPVEAGVYRVNR
BertAIP_1743,TVWAISALVSFLPILMHWWR
NeXtMD_3216,DKFKIFEAAFSES
NeXtMD_3666,DNQLQNGIKRVKEFL
NeXtMD_1482,LWKGFSFIMFTSAGSEGTGQ
NeXtMD_2326,TATELNNALQNLARTISEAG
NeXtMD_3524,ESVAWSASACHDGMG
NeXtMD_3888,CHHLDKSIKEDVQFADSRI
BertAIP_417,YIAGYKTFDGRGAQVYIGNG
BertAIP_539,DIVQPIIAKLYQGAG
NeXtMD_1750,MSSDSAVAALSAAMTSPQKS
NeXtMD_1223,KMPMYIAGYKTFDGRGAQVY
NeXtMD_1764,QYFVGKRTVPPGECFIQFLSEP
NeXtMD_441,EEAAHWIGLEENLRED
BertAIP_67,VYEVAIPDRLTLRVE
NeXtMD_2242,TKFILVLTGEERQGV
BertAIP_4470,SAVPVYIYFNTWTTCQSIAAPCKTSASIGTLC
NeXtMD_4048,GTVVAVGPGRWDEDG
DeepAIP_3021,YFKGNFERLAITKGK
NeXtMD_1961,SYNMHWVKQTPGRGL
NeXtMD_2981,FGINAENNHRIFLAG
NeXtMD_2378,AKSTWYGKPTGAGPKDNGGA
NeXtMD_925,SHRTATAAEELA
NeXtMD_2851,LENLVVLNAASVAGAHW
NeXtMD_1269,KRKLEGDLKLTQESIMDLENDKQQL
NeXtMD_4190,RLAVDKELDEMVNEA
NeXtMD_1579,NDFLKTGHYTQMVWA
BertAIP_3185,TRNQGDHLLHSTRKQVEEAGDKLPADDKTAIESALSALETALKG
BertAIP_2737,QSVIFANTRRKVDWI
BertAIP_102,DHARHGFLPRHRDTGILDSI
BertAIP_2011,FRYPRPKHCHTQVA
BertAIP_2441,DYQNEFDFLLMERIHEQIKKGELALFYLQ
BertAIP_3202,LPIEDLKALFNEKLE
NeXtMD_1101,RRNLLKYIKAPSLNGASA
BertAIP_1886,VCRQGVVDRGWGNGCGLFGKGSIDTCAKFA
NeXtMD_3868,CMGLIYNRMGAVTTESA
NeXtMD_109,IDIDLCDICTNTMDV
BertAIP_829,KSVWSKLQSIGIRQH
NeXtMD_3935,AEIYNKDGNKVDLYGKAVGL
NeXtMD_309,GKDFFKPLRILLTGNSHGVEF
NeXtMD_3929,TSVQGYAFNGTKLDAVYLNKNKYL
NeXtMD_1917,RCMCEALQQIMENQSDRLQG
BertAIP_4908,MIRAQAGSLEAEHQAIISDVLTASD
BertAIP_2209,SLPQKSHGRTQDENPVVHF
NeXtMD_3700,EALSQLTSQLQKNFQAISSS
NeXtMD_1826,ALKELPLLKFLGIFNTGLKM
NeXtMD_2763,PRRQEYLSKSMALTG
NeXtMD_2029,PEHFLDAQGHFVKPEAFLPF
BertAIP_802,LETLPAMCNVYIPP
NeXtMD_2729,GMAALPRLIAFTSEHSHFSL
NeXtMD_2455,SHVHFRFVPSAAVEF
NeXtMD_971,LEANGLNAIDFLNGI
NeXtMD_2871,AAGKLTWADFYFVAI
NeXtMD_2304,TKETETEAPAAPAEGEKPAE
BertAIP_3385,LTVTNPTRIQTAIDK
NeXtMD_1131,GKVMVLCNRAFNPV
BertAIP_2763,FQVIYEQANAHGQKVQAAGNNMAQT
NeXtMD_547,VHFFKNIVTPRTPPPSQGKGR
BertAIP_1946,ATESAYLAYRNQSLDLAEQELVDCASQHGCHGDTIPRGIEYIQ
NeXtMD_2082,QSIALSSLMVAQAIP
BertAIP_727,VRNSWDTNWGDNGYGYFAANIDIMMIEEYPYVVIL
NeXtMD_1544,SFIKGTYTQKLSVPD
BertAIP_1547,SSPDEVALVEGVQSLGFTYLRLKDNYM
BertAIP_263,SDPLLKSIYKL
BertAIP_1061,DLVTASAALLQSAATHTDSI
NeXtMD_3852,EFRASPFLECHGRGTCNYYS
NeXtMD_2092,AKGVSLVAVKVLDCDGSGSN
NeXtMD_1520,DPKELLARIQSLLRRSHKKE
BertAIP_3979,CLLVSAASAITPGWL
NeXtMD_2972,GSAGPPPTGEEDTAELHHHH
BertAIP_4872,MVNKDVKQTTKKVLLQSTWFLKKFHPFDVTKI
NeXtMD_1866,KQISSQLTEEWS
NeXtMD_1685,RINLKALQNILNNAKSAHFKFV
NeXtMD_1273,NSFKPFAEYKSDYVY
BertAIP_1383,VNLYLQASYTYLSLG
NeXtMD_2200,LVYPTSLGFPLKLVL
BertAIP_1512,GCVIAWNSNNLDSKV
NeXtMD_1080,PTGFQGLPGPPGPPG
NeXtMD_4143,GSCTQRASEAHASLL
BertAIP_1649,ANLAEVRSYCYLATVSDLSTKAACPTMGEA
NeXtMD_3179,TYIDPDALKELPLLKFLGIF
NeXtMD_2358,DEFETIVVALDALPE
BertAIP_2958,SSSSSSSSSSSEEHH
NeXtMD_1673,SHATSLVNGSSNYLL
NeXtMD_2035,LRYQKDKKGISTSAASPAVG
BertAIP_4026,HNAPFLYYYILCYAR
NeXtMD_101,SNNLEYIVGRAWIGF
BertAIP_2843,HYMKCPLVKGQQYDIKYTWNVPKIAPKSE
NeXtMD_420,MQDPEALPTEQTATD
NeXtMD_3688,DKKQRFHNIRGRWTG
BertAIP_2606,NCTFEYVSQPFLMDL
NeXtMD_1583,PDSYPLFDGIFCSSSN
DeepAIP_3175,NDKSDRYIPYSPLAPKVLDN
NeXtMD_1203,RVRGGDGKMKELSPR
NeXtMD_4088,NGDKQISFCRGNKGF
NeXtMD_495,VDSYVTSSVKTKSEH
NeXtMD_3766,AKQYNICCKFKELLD
BertAIP_4525,PEHKKEENMLSHLYVSSKDKENISKEND
NeXtMD_3531,KNRTTIRGRTKFEGN
NeXtMD_1169,EAHVKITKLSDLKAIDDK
NeXtMD_2243,SYPHWFTNGYDGNGKLIKGR
NeXtMD_2151,QVESTAGSLQGQWRGAAGTA
BertAIP_1371,TVFYTISFDQMERYL
BertAIP_2040,GEALSTLVVNKIRGT
DeepAIP_4509,AVQNTVEDLKLNTLGR
NeXtMD_1706,MLRMNPRTSFAKRFA
BertAIP_2095,QKSQRSQAENPV
NeXtMD_3527,QKKWDPLKKETIPYY
BertAIP_2472,TVWRNRETLMEFEEPHATKQSVIALGSQEG
NeXtMD_3562,PLRLLENLKALFLGLK
BertAIP_78,TGLEILETGVGEREEAAA
DeepAIP_3104,AIPKVPPGPNITATY
BertAIP_1536,LFGLNNADQNECIIA
NeXtMD_1127,RSQDACIEFVQQEVD
BertAIP_3891,VNPIIYTTFNIEFRK
NeXtMD_1712,PSQGKGRGLSLSRFSWGAE
NeXtMD_1158,GRIRVLQRFDQRSRQ
NeXtMD_336,QIVTTNVRLKQQWVDYNLKW
NeXtMD_2283,IFKIEKGKVTKSIELNA
BertAIP_357,LLEQNIDAYKTFP
NeXtMD_2287,DKLKQQRDTLSTQKET
NeXtMD_2161,FERLAITKGKVDPTD
DeepAIP_4492,ASQKRPSQRSK
BertAIP_1141,LVQFIKDRISVVQA
NeXtMD_27,GHPYFSIKRANKTVV
NeXtMD_2952,DVDTLGNLDPAGEYI
BertAIP_2710,EPLDVPHEPEDDQPRPRGDN
DeepAIP_3121,KEDFLRCLVKEIPPR
NeXtMD_2607,DEENGLDEYDEVPMPV
NeXtMD_3361,PAAYAAQGYKVLVLNPSVAA
BertAIP_4728,AILPVDDLYALFQEK
NeXtMD_92,FLLMDALKLSI
NeXtMD_1915,DVYAPGKDITSLKPGGSTDT
BertAIP_2630,IVGDDLTVTNPTRIQ
NeXtMD_3157,LIYYTDFSNSSIA
NeXtMD_9,GAKPSECISIAWSADGNTLYS
NeXtMD_619,KVAATLHTATGSDIT
BertAIP_463,KAQIWTAMMYSVKKR
BertAIP_818,KTLNTRLKEAEARAE
NeXtMD_2339,FNPCLTEAQYKEMED
NeXtMD_1801,IINPSENGDTSTNGIKK
NeXtMD_3530,GTCLESLRRYLELGKERL
NeXtMD_2721,FPSGARPFFYQEVID
NeXtMD_3057,GATRDRPLWIIFSGNMNIKL
NeXtMD_2635,EVRRYTARLKEGDVF
NeXtMD_2247,SLRWIFKHVAKTHLK
BertAIP_4790,RGAPGKDGEVGPSGPVGPPGLAGERGEAGP
BertAIP_2888,IISDVLTASDFWGGAGSAACQGFIT
NeXtMD_3582,HFFSVGGEALELQGV
NeXtMD_537,CLLCAYSIEFGTNISK
BertAIP_527,PFPSQQPYLQLQPF
NeXtMD_579,RVIGDFGVPISILIM
NeXtMD_1947,EARPALLTSRLRFIPK
NeXtMD_1739,PGRPGLPGADGLPGP
NeXtMD_473,VNTSLVLAFSEVIHQ
NeXtMD_2773,DVRIWPLDPSLLGEP
BertAIP_3905,EEQYNSTYRVVSVLTVLHQDW
NeXtMD_3365,PLYKLVHVFINTQYA
NeXtMD_3414,PIKDQADEAQYCQLVRQLLD
NeXtMD_2759,KLKVESSPSRSDYINASPIIEHDP
BertAIP_4621,SSGQTQSTNSSPYLH
BertAIP_4055,NDGVYFASTEKSNII
BertAIP_3031,KYEGTDAPCKIPFSS
NeXtMD_2713,SPLTASKLTYENVKM
NeXtMD_3136,AYVLLSEKKISSIQS
BertAIP_4444,AEAVVEAMDFHGEVT
BertAIP_344,ISTEMVGTILEMLGH
BertAIP_4370,VLIELEPPFGDSYIVVGRGEQQINHHWHKS
NeXtMD_637,KPKHKKLKQPGDGNPENANANNAV
NeXtMD_855,LQRFDQRSRQFQNLQ
NeXtMD_486,IYLFPLISLRLKFGLKAEKS
NeXtMD_79,DRTGVRVLTMCPGVT
NeXtMD_818,EEDLERSEERLATAT
NeXtMD_323,ELQRVPLYKLVHVFI
NeXtMD_592,DYIIDHVDQHNATEI
NeXtMD_3570,HADIRVEALFLLMKA
BertAIP_635,LTAGGPLPHGSWSWSGTPPEVQTTGGSQIS
NeXtMD_241,YFRLGVSDPIRG
NeXtMD_1940,GPRRPPRGPPLSSSLGLALL
NeXtMD_1243,ACWARDRVNEGMFLY
NeXtMD_3153,VAVELLKSNKITGPH
NeXtMD_2646,LTMTASHTRLSCDCDDKFYD
NeXtMD_476,NTALFKAIEAYLIAN
NeXtMD_3428,KVIDLLLSLYLDQNE
NeXtMD_3255,HNLKNSHVHFRFVPS
NeXtMD_1675,YTDKLIHLTNALAKAVIH
NeXtMD_46,LPRPPATPPPPPPPQ
NeXtMD_2564,IDYFDARLLPGVFTV
NeXtMD_49,LTKKGNVWEVKSSKP
NeXtMD_3758,RYMGKGVSKAVEHIN
NeXtMD_3140,DPHEYEVKPKDIKKLTDADV
NeXtMD_107,VTPVYYIPLEAV
NeXtMD_1934,LEPGDTIIFEANGNLIA
BertAIP_1562,NDHYYEYILWKYHGA
BertAIP_3453,EKISRLMPSAHAIIR
NeXtMD_197,REGDKHKLKKSELKEL
NeXtMD_62,VGKMYFMLIDTKCYK
BertAIP_4996,GQVELGGGNAVEVLK
NeXtMD_2015,ASDLNRVHVDINYNL
NeXtMD_256,HKHYLVCNYGPSGN
NeXtMD_781,MGDDHFWAVRGGGGE
NeXtMD_2660,GLIGLIGPPGEQGEK
BertAIP_4292,TPPVLDSDGSFFLYS
NeXtMD_1688,GSAVVGLSMAASSAL
BertAIP_4881,ALLMNVFASRTLRLS
NeXtMD_4064,PGPRGLLGPKGPPGP
BertAIP_293,LKFIVRGNNLKFLNN
NeXtMD_1588,NGFDLDENPENPPNPPNPPN
BertAIP_4860,LVQQQQFPGQQQPF
NeXtMD_3384,GWVTQIATNPKYPDM
BertAIP_458,EECFLQGFNLSGKKE
NeXtMD_1128,QRPGFGYGGRASDYKSAHK
BertAIP_3283,TLAPGEDGADRASG
BertAIP_4424,GQQQPFPPQQPYPQ
NeXtMD_3472,MIGLKLVTVLFAVAT
NeXtMD_2941,TERVRLLERCIYNQEESVRFD
BertAIP_1811,KLLFDLFYYANDYDT
NeXtMD_2480,RVALENAASVSGMLL
BertAIP_540,VQQLCCQQLWQIPE
BertAIP_2654,QEKLETSPEFKALYD
NeXtMD_813,LEDYDTLGTLCNSTE
NeXtMD_3875,QMTFLRLLSASAHQN
NeXtMD_3017,DPSNVRNCELVGLHD
BertAIP_5038,KSLNDITKEYEKLL
NeXtMD_1455,IAPYHFDLSGKAFGAMAKPG
NeXtMD_391,AGTAVSNWWDNGDKQ
NeXtMD_2453,DDQIGYYRRATRRVR
BertAIP_3346,DEIPAEQVVLLKKAF
NeXtMD_1168,SVFNVVNSSIGLIMVLSFLFLN
NeXtMD_1638,GKVSNAITTTSDGFNSMASA
NeXtMD_3672,IEMLFYMKNLERKKLQSS
NeXtMD_370,YNRLEKVEADAQVDRLITGR
NeXtMD_1966,DANWDQNRMKLADCAVGFGS
NeXtMD_3604,RDGQLTIKAERTEQKDFDGR
NeXtMD_3821,ISEAGQAMASTEGNVTGMFA
NeXtMD_417,FNTYFRYMYPTWFNY
BertAIP_4002,YFPEPVTVSWNSGAL
NeXtMD_4004,ERRNKYLEEHPSAGKDP
NeXtMD_484,KMQAMKLEKDNAMDR
NeXtMD_3257,KFNKKMHEHSEHFKHKFAEL
NeXtMD_3625,VKLYRKLKREITFHGAKEIS
BertAIP_492,LSQVSFQQPQQQYP
BertAIP_3687,LQYMRADQAAGGLR
BertAIP_1337,KYDEVARKLAMVEAD
NeXtMD_2516,KPVSPMRMATPLLMR
NeXtMD_1744,NQELAYFYPELFRQFYQL
NeXtMD_1624,ILDIPQKFNMEYFKV
BertAIP_2436,DVDKIIELIRALFGL
NeXtMD_4103,QEPYFTWPLIAADGG
BertAIP_875,NKAFKTPYNPQLRYP
NeXtMD_605,DAFSLDVSEKSGN
NeXtMD_1598,FQVAHLHAPTGSGKSTKV
NeXtMD_1787,GIGDVDLVNYFEVGATYYFN
NeXtMD_2220,NSGPDDQIGYYRRAT
NeXtMD_2471,GRHSAEYYNKQYLERTRAELDTA
DeepAIP_3213,QAYAATVAAAPQVKY
NeXtMD_1667,FIPVENLETTMRSPVFTD
NeXtMD_2798,LDYLNHMAKEDLVAN
NeXtMD_2741,RKVLENRSLSDEERM
DeepAIP_3089,GTKTEAEDVIPEGWK
NeXtMD_866,FHLDLLLVVGMGGVAA
NeXtMD_3306,ASEGAVDIINRWQVV
NeXtMD_427,YEDAKSPLTASKLTY
NeXtMD_156,DLLGIPHIPVSGRKY
NeXtMD_399,PPTVTIFKISKTVSE
NeXtMD_1307,AELENQVHRLEQELK
BertAIP_109,HTPINLVRDLPQGFS
NeXtMD_2412,HYQFDSIHKFEFASK
NeXtMD_641,LGRSGGDIIKKMQTL
BertAIP_4043,CLVKDYFPEPVTVSW
NeXtMD_255,KCTEEDSGSNGKKITCECTK
DeepAIP_2973,TFHVEKGSNPNYLAL
NeXtMD_2232,PQAQGSVQPQQLPQFEEIRN
NeXtMD_313,TIDGRGVKVEII
NeXtMD_2740,SEGGDEYVTKGEVVETD
NeXtMD_2586,PGAIGTDGTPGAKGP
BertAIP_1137,RLSESNAAKMNDDVD
NeXtMD_3324,AVGADESVVKEAHREVINS
NeXtMD_2360,KIEIKASIDGLEVDVPGIDPNACH
BertAIP_4015,HCLGKWLGHPDKF
BertAIP_1626,KNHTSPDVDLGDISGIN
NeXtMD_2582,ENPKKYIPGTK
NeXtMD_205,SELLSLINDMPITNDQKKLMSNNV
BertAIP_2053,AFTFTKIPAETLHGTVTVEV
NeXtMD_1115,KRIAKAVNEKSCNCL
BertAIP_3645,MDNSRSLDMDSIIAEVKAQYEDIANRSRAEAE
NeXtMD_1046,QFRRVKCKYPEGTKV
NeXtMD_2073,KEPLKECGGILQAYD
NeXtMD_2765,PGYPIRALVGDEAE
NeXtMD_767,LYQAQYNLFIYNKQLQEAH
NeXtMD_2860,ALTGGMELTRDPTVP
NeXtMD_2263,NEGVIVKVSKEHVEE
NeXtMD_2362,SLSVLLLISLKDRFLNNN
NeXtMD_380,EENVEHDAEENVEHDA
NeXtMD_1409,MIRIIAQGPKATFEA
NeXtMD_3664,VLADELSQEVCILSA
NeXtMD_3817,MKELSPRWYFYYLGT
NeXtMD_2141,TFGGLLGEKTRNLMG
BertAIP_333,DLLGIPHIPVTARKH
NeXtMD_1677,NYYTGDYHPSYYYGY
NeXtMD_163,KEEPVNIEAEPPFGE
NeXtMD_3334,PLLCVGLRPQWE
NeXtMD_454,NAGFKAALAGAGVQPADKY
NeXtMD_1314,ALSYYPTPLAKEDFL
NeXtMD_2633,KLVDYILGTYQAIDEDT
NeXtMD_2823,EEYLILSARDVLAVVSK
NeXtMD_4070,EREDERTLTKEYEDIVLK
DeepAIP_3068,FKVAATAAATAPADD
NeXtMD_3755,NGGYLAAGKLTWADF
BertAIP_3969,ATTEEQKLIEKINAGFKAALAAAAGVQPADKYR
BertAIP_948,CSLYQLENSVPHFSDE
BertAIP_1258,EEENDKKKEQEKEQSNENNDQKKDMEAQNLISKN
NeXtMD_2864,NPQLRYPNGQEVPAR
NeXtMD_3694,IFSKNLNIKLNMPLYIAGNK
NeXtMD_1268,ANYTAHGSETAWADP
NeXtMD_4008,PPAYRPPNAPILSTL
NeXtMD_3241,ENQLKEARFLAEEAD
NeXtMD_1825,GGFKKTDKHPPKDWG
DeepAIP_3172,NASHCNEMSWIQSIP
NeXtMD_1121,MVVERLGDYLVEQGM
BertAIP_4021,LSAPFEDIYFGLWGFN
BertAIP_3414,QPSQQNPQAQGSVQ
NeXtMD_2527,IRRSILPYGDSMDRI
NeXtMD_2300,QSIIFHPPNVHPGSG
NeXtMD_71,DTADRPPVPITQILGFGPRS
NeXtMD_520,WCNEEDHLRIISMQM
NeXtMD_2995,RTEQKDFDGRSEFAYGSFVR
NeXtMD_1550,QMCITQYERESQAY
NeXtMD_2714,KPCSCSKVDVNYAFLHATDL
NeXtMD_3724,YLEASGAMKASQWFK
NeXtMD_1973,ILIIFIFRRDLLCPLGALCI
BertAIP_2995,RQIRMAKLLGRDPEQS
NeXtMD_2057,GKKSLEQWVTEEAACLCAAF
NeXtMD_844,NFLQTNGLNAIEFLN
NeXtMD_3004,FRLYDKEGNGYIPTS
DeepAIP_4480,AMKLEKDNAMDRADT
NeXtMD_3505,SLLLNGGCKVSNYDE
NeXtMD_3088,YRDLTIPVTEMQDPE
BertAIP_2988,SQPQYSQPQQPISQ
NeXtMD_3698,GCIITSLTGRDKNQVEGE
NeXtMD_3489,EEELENIIGQIAYRDLT
BertAIP_1561,NFSQILPDPSKPSKR
NeXtMD_3842,NALENFKNVLVIHSLSKRSSAPG
BertAIP_3686,VGGNYNYLYRLFRKSNLKP
NeXtMD_4029,RIPLAVLFGIFLYMGV
NeXtMD_2833,SPATWTTRGFVFTRHSQTTA
NeXtMD_1185,EQRLRERDEELESLRKSTTRTI
NeXtMD_3774,AGTIAGLNVLRIINE
NeXtMD_3976,AAKFIIEEDSEAMEK
BertAIP_2789,LNERRNYFVEIDRFP
NeXtMD_1141,VAGYSYTDANK
NeXtMD_808,WTDKGCFCEDKLHSCVIERKN
NeXtMD_54,LPACVYGPAVASGYDFE
NeXtMD_3083,AAWGGSGSEAYQGVQQKWDA
NeXtMD_851,QDFLRRVQELRINMQKNFISFDA
BertAIP_110,AKEASSYDYILGWEFGGGVPEHKKEEN
BertAIP_3596,ISIVWVLSFTISCPL
BertAIP_4564,KAALTRTASNMNAAA
NeXtMD_2767,KMEDYIKKNKTTIAN
NeXtMD_149,SYQPLGDKVNFFR
NeXtMD_2075,KALFLGLKTANILKP
BertAIP_1850,FEATVRGAKRMAVLGDTAWD
BertAIP_2300,TTLLTSNTTGNPELTSQMETFHSTSSEGNP
NeXtMD_827,FKEVLLSYQSKLGPMKWLE
BertAIP_2082,MTLHSNSTTSPLFPNISSSWVHSPSEAGLP
NeXtMD_660,ERVRYLDRYFHNQEENVRFD
NeXtMD_4129,VLGGGVALLRVIPALDSLTPANED
BertAIP_3482,VTVSWNSGALTSGVH
NeXtMD_4159,SEIWRDIDFAHEAPA
NeXtMD_3926,MAQVEEVRVFEGTE
NeXtMD_3210,SWPDAHGQGGSTADT
NeXtMD_1859,WDEDGEKRIPLDVAE
NeXtMD_249,IVVADLFSAGMVTTSTTLAW
BertAIP_308,SSSSSSSSSSESNES
BertAIP_1924,MASSSSVLLVVVLFA
BertAIP_2273,WLVHKEWFHDIPLPWHAGAD
NeXtMD_1234,LLLKRSHAEDLGNLE
NeXtMD_578,QDTGIQIVRRSLEEP
NeXtMD_3061,SLYYSNGYSHYYGNY
NeXtMD_2050,VICTTKQYTRRCLSK
BertAIP_242,LYRYIAGLAGTKDIR
NeXtMD_3751,KISQAVHAAHAEINEAGR
NeXtMD_1646,LQIAINVNGVVRGTL
BertAIP_4756,SLFFSAQPFEITAST
DeepAIP_3164,LVDANGTLHDKKSMG
NeXtMD_4178,VNNLARTTPDRQAAC
NeXtMD_3899,FNNFTVSFWLRVPKVSASHLE
BertAIP_1434,YVLLGAGHYKYDFDGVNR
BertAIP_1212,VTIDGYETLIMS
NeXtMD_1843,KNQKKIRGILESLMCNES
NeXtMD_437,ELREAFRLYDKEGNG
NeXtMD_3313,ENSYEKSMSVV
NeXtMD_1668,QDVHKKLREWLSKNV
NeXtMD_1352,HIVFPSYEIEMFYDG
NeXtMD_463,TEQPVTFRPRRQLFQ
BertAIP_640,KGMSYVMCTGSFKLE
NeXtMD_3507,VDHIIELIHQIFNIV
BertAIP_551,LFPKVAPQAISSVENIEGNGGPGTIKKISFPEGFPFKYVKDRVDE
BertAIP_421,IEAEPPFGESNIVIG
NeXtMD_2248,GGAVFGEEGLTLNLEDVQPH
BertAIP_3280,STMGGKGGDLYTVTNSDDD
BertAIP_3834,LTAHGRNASDP
NeXtMD_1067,VGAATGAATAATGGY
NeXtMD_1486,RCTKLEYDPRCVYDP
NeXtMD_1360,SLVPNLDYERFRGSW
BertAIP_774,YITCPPYVEVCQGNV
BertAIP_3592,LMKLYSFLLNDSPLN
NeXtMD_2244,ERSEERLNTATTKLA
DeepAIP_3023,YTVFETALKKAITAM
NeXtMD_2962,DVIGQVRRPEMGDQAHMPYT
NeXtMD_2494,MQKYMQIVRYLTILITLI
BertAIP_3379,NVAVNIEPQIYRRIR
BertAIP_1762,TRREAEDLQVGQVELG
NeXtMD_2993,KYLDFVRAAGVY
NeXtMD_4115,IINNQIGPKPTLIPS
NeXtMD_1572,AELKKQSKPVT
NeXtMD_699,PWLGFEAEYNQVKGD
NeXtMD_1400,CAELCDPSNKPGHLL
NeXtMD_3172,DGNCEDIPHVNEFSAIDL
NeXtMD_332,DEIKYSEEVCNDQVDLYLLM
NeXtMD_3828,TSGSDPVLTPVQ
NeXtMD_298,VAATLGFGAYMSKAHGVD
NeXtMD_4140,SHDFVTPNMYFKDVV
NeXtMD_1889,KVSFFCKNKEKKCSY
NeXtMD_519,SESDEEFDDSAADDTDDSEAGGGS
NeXtMD_4112,LLFWLYIVMSDWTGGALLVL
NeXtMD_1593,EIDTDGDGFIDFNEF
NeXtMD_1895,EGKQSLTKLAAAWGGSGSEA
DeepAIP_3217,QKSQRSQYENPV
NeXtMD_3847,RKAKAVEHLLSTRNM
NeXtMD_2375,EPMIGVNQELAYFYPELF
BertAIP_1270,QTGKPGIAGFKGEQGPKGEP
BertAIP_4337,EEAAGIGILTVI
NeXtMD_2302,EQQSDLEQERLAKEKLQ
NeXtMD_759,KHKLKHLLVETSVDKKAMES
NeXtMD_450,PCIPYVRGGGAVPPAC
NeXtMD_4185,SWYYLNSNGAMATGW
NeXtMD_1179,DTIKKMANDVIQSPGEGTTG
BertAIP_295,QDKVTIDGYETL
BertAIP_1782,IRCIGVSNRDFVEGMSGGTW
NeXtMD_3867,QQWELQGDRRCQSQLERANL
NeXtMD_2929,EYLNKIQNSLSTEWSPCSVT
NeXtMD_3967,QFYYFYQQIYARYML
BertAIP_906,GTAFVQMPAHGLFPW
NeXtMD_4062,ITGEYVQILDAHAAY
NeXtMD_1836,FWAFDNTTFSNASAV
NeXtMD_4097,NAGVTVTPLLLGYTF
NeXtMD_2235,PWLSATTVRSVTHANA
NeXtMD_4054,AKSSPAYPSVLGQTI
NeXtMD_3478,LGQTIRNSRWSSPDN
NeXtMD_2098,PITAKAIAASVG
BertAIP_2951,FSFTNLAEIGRTGELLKLPQ
NeXtMD_924,SVTIKLDGNLLSSND
BertAIP_4083,LAMNYDKKKLLTHQGESI
NeXtMD_59,NKLLIAFGLVILLVTLPCAS
NeXtMD_1644,PGMVQQIQSVCMECQ
NeXtMD_1205,VQNRFNSAITNLGNT
NeXtMD_1473,CYYETADAFKVIM
NeXtMD_2756,AGSYAADLGYGPATP
NeXtMD_1413,KAKFAGRNFRNPLAK
NeXtMD_2486,TNFFGINTIPIALTE
NeXtMD_3309,TPGQCNMVVERLGDY
BertAIP_2093,LQPQNPSQQQPQEQ
BertAIP_2212,LLLKLNNYRYNKDFC
BertAIP_1753,NFVPCSICSNNPTCWAICKRIPNKKPGKKTTTKPTKKPT
NeXtMD_2849,SWVESQTNGIIR
NeXtMD_10,KLQKTYSQYKVQYDM
NeXtMD_2338,QVDVKDCANHEIKKVLVPGCHGSEP
NeXtMD_2117,MALTGDATAVVLDMT
NeXtMD_1901,PGEINRVASCLRKLGVPPLRAY
NeXtMD_960,GRSFTLASSETGVGA
BertAIP_3192,VLPVEIPIQCEPVLN
NeXtMD_504,QESLLKANIQLVEKD
NeXtMD_2172,IIPLFTDRDYDVLQW
BertAIP_1162,MSLLTEVETPTRSEWECRCSDSSD
NeXtMD_3906,ASPLTGIADASQSSM
NeXtMD_3574,RWRQIFNMVGFRNAV
BertAIP_2805,TKKALDFTAPAVL
NeXtMD_2680,RPLCGSDNKTYGNK
NeXtMD_525,ILPNTLVLDFCDDAL
NeXtMD_506,YNHNNLLTKFLSTGMVFE
NeXtMD_4033,SGKVVEENPKAIKSGDS
NeXtMD_462,NIRFRYIVLQDTCSK
NeXtMD_2236,AQEGLKEESGFLREVLNAVP
NeXtMD_3012,KYDLDFKNPNTDKSK
NeXtMD_3391,ADFKKNNNFVGIADLSTD
NeXtMD_305,SGEYWIDPNQGSVED
NeXtMD_4138,PLGGGSQTWEGSGVLPCVGT
BertAIP_3895,DVLGYYKILSEKYKS
NeXtMD_2113,RTYIKVLRKLLGSANKI
NeXtMD_98,DFWQMVWESGCTVIVMLTPLVEDGV
NeXtMD_251,EVIPTAFKIGKTYTP
BertAIP_4094,VKGSFVASVGLLFPPGIPGVSPLIHS
NeXtMD_297,QSTWINYFKLIHVRK
BertAIP_1791,WIRVERMSAIMPDQIAKAAKAKPVQKL
NeXtMD_3521,DKIIELIRALFGLTH
NeXtMD_1796,YIIDTGIDIDHEDFQGRAKW
NeXtMD_142,YVYALPTKAAHIVFP
BertAIP_3506,ADVAARLRILYGGSV
DeepAIP_3117,KAFAEGLSGEPKGGA
NeXtMD_1359,LGNLEGVKPAVLTRSG
BertAIP_1541,GYVVGFWLLILNENQRAN
BertAIP_939,FRFTPFKQAVKETCA
NeXtMD_2996,EKVDNLGRSGGDIIK
BertAIP_677,KALPVVLENARILKNCV
NeXtMD_3217,GKKITCECTKPDSYPLFDGI
BertAIP_1821,DESTESETEQAF
NeXtMD_1612,LIPIMYLNSLRNPILHFM
NeXtMD_3043,QKRAAQDAAVDAACG
NeXtMD_1672,GADLDKIGLHSDSQE
BertAIP_3071,NYRYNKDFCKDIRWS
NeXtMD_1513,GEGAVQWMNRLIAFASRGNHV
BertAIP_3349,QQHSIAYGSSQVLQ
NeXtMD_3584,IEGITLLNAKFFHMN
NeXtMD_573,FVPLYSSKSATSVGTPTRVS
NeXtMD_1724,RIQLLEEDLERSEER
BertAIP_647,DGVRGVLDRLMQRKDLDIFEQYNLEMAKKSG
NeXtMD_3997,RVDYNHHHSTDLNVS
NeXtMD_3869,VNKIKHQEVLKLLSLQFEKS
NeXtMD_711,GAGGEDPESFYRAFSWEVLE
BertAIP_66,LRSYSFRPTYGVGHQ
BertAIP_3212,NDPKCCDFVTNRAYAIASSV
NeXtMD_396,EVKYTVFETALK
NeXtMD_1051,KTLTNKLKAAEARAE
BertAIP_3615,KYTWNVPKIAPKSEN
NeXtMD_3040,HLITVLPAAVSDKNK
BertAIP_4316,WIDKDQLTALYMEFI
BertAIP_2550,KFIWICKINVAVNIE
NeXtMD_3451,KKICKMEKCSSVFNV
BertAIP_280,KINYDSLYNLNYIGS
NeXtMD_1387,MDAIKKKMQAMKLEK
NeXtMD_1522,PQDREELLRALLLKR
BertAIP_2837,SPCKIPFEIMDLEKR
NeXtMD_3671,DWMEEEEGAQREKE
NeXtMD_2144,NAKIELKPNQGMPEV
NeXtMD_3713,KSDNQIKAVPASQAL
BertAIP_125,TAALGCLVKDYFPEP
NeXtMD_1510,IQEFLKTYKKPTNFN
DeepAIP_2983,TPTNASHIQSAVVCG
NeXtMD_1877,RIAHRIKGFRSLPFIIGCNP
BertAIP_3541,DFGGFNFSQILPDPS
NeXtMD_4092,FAAQKAKANKAVD
NeXtMD_867,TQSVPVRCPARRRQS
NeXtMD_3915,ENLPYLVAYQATVCARAQAP
NeXtMD_428,QVEKLIKNQKESHFV
NeXtMD_1398,ASGGTFSSFAINWVRQAPGQ
BertAIP_832,TLTPVGRLITANPVITESTE
NeXtMD_153,NAGFNSNRANSSRSS
NeXtMD_2684,APAPQPAPAPKPEKP
DeepAIP_4582,YHFDLSGIAFGSMAK
NeXtMD_407,ENNGGCDADAKCTEEDSGSN
NeXtMD_2754,NTVESEDIADYYCQQ
BertAIP_101,FLALIPVDQIIAIAT
NeXtMD_237,SFSVPTGQPRPSHHGVFAFL
NeXtMD_178,VDCRPFNGGESKLKA
BertAIP_3735,SKTLDRLTPYILVLASDT
NeXtMD_36,TEQTATDYVPSSTSTPH
NeXtMD_3501,MPFHNIHPLTIG
NeXtMD_1880,IGMIFQHFNLLSAKNVFENVA
NeXtMD_475,RILLRLHRCFQVLGR
NeXtMD_694,IGGRVHFFKDISPIASSE
NeXtMD_856,LGNIIQRLHGLSAFSLHSY
NeXtMD_385,TYAIGGSSAPTI
BertAIP_2158,MTINYQFGDVDAHGAMIRAQAGSLE
NeXtMD_4127,TLERQVYELNKIQDKLPEKL
BertAIP_1686,VSLGKWLGHPDKF
BertAIP_3583,NINNYKYPYVVKNFV
BertAIP_3794,CACCLAKKVNE
NeXtMD_676,YVQILDAHAAYLNAT
BertAIP_4076,DCVMATGLYHCKPLVDILILPGYVQA
NeXtMD_702,TRGTSEEGTLGNAGV
BertAIP_626,RLKGKFIWICKINVA
DeepAIP_4526,EPGHLAPTGMFVAGA
BertAIP_4327,GYFADPKDPHKFYICSNWEAVHKDCPGNTRWNEDEETCT
NeXtMD_2627,TIWQLLAFFLAFFLDLILLI
NeXtMD_1218,GMIKSNDGPPIL
NeXtMD_1186,QKLFKTLQSLFADFN
BertAIP_596,EAWGALANWAVDSA
NeXtMD_2483,ATSLSPFYLRPPSFLR
NeXtMD_1800,DPSAGKGVTAYIIDTGIDID
NeXtMD_3837,AYKEQIKTLTNKLKA
BertAIP_1254,AGLSLSAPFEDIYFGL
NeXtMD_1711,AAIANYHYDADENSK
BertAIP_4374,REQSCRRPNAQRFGISNYCQIYPPNVNKIREALAQTH
NeXtMD_2575,DKIKDWSKVVIAYEP
NeXtMD_3662,TPPSVVGGLGVTMVH
NeXtMD_1303,DALESIMTTKSVSFR
NeXtMD_722,HTPGVHMASLSVYLKTNVFL
NeXtMD_2623,GVFNYETETTSVIPAA
NeXtMD_2965,ESQITTLIVSKPERK
NeXtMD_2620,REEALHQFRSGRKPI
BertAIP_3433,WGIHHPPNSKEQQNLY
NeXtMD_3645,SRPRSSSSSSSSSSS
NeXtMD_1798,QAPGKGLEWVAVISY
NeXtMD_1044,VAWQVKLLPVPPTVT
BertAIP_2785,GVLALVLSILILALMPFLHT
NeXtMD_1346,DKVGINYWLAHKALCSEK
NeXtMD_535,VTTNGPPNGKHNDKHTYVEC
NeXtMD_3862,GMNPSHCNEMSWIQS
NeXtMD_320,KSAFVMANNLIEATQ
NeXtMD_749,DVFYNGAYFVSSGKYEGGNIY
NeXtMD_674,DIELLKKILAGGFIQKYDSVMQ
NeXtMD_2814,FLATCINGVCWTVYHGAG
NeXtMD_3534,EKIEKTEEPAPEADQTTPEE
NeXtMD_2753,DVKFPGGGQIVGGVYLLPRR
BertAIP_770,QPENLEYRIMLSVHGSQHSG
NeXtMD_2435,KMKESGHLNEPHTHV
NeXtMD_2571,VMHFSLTADRGGELKIYSVIQA
BertAIP_2445,WTTCGSIAFPSKTSASIGSL
NeXtMD_2611,ELLAITTVVGNQ
BertAIP_1110,LKPFERDISTEIYQAGSTPCNGVEGFNCYFPLQ
NeXtMD_2630,EIECTKLGNWSAMPSCKASCK
NeXtMD_1548,YQEGVLKLSIPVAERAKPRK
NeXtMD_3350,DLNLPRLNALSAWLL
NeXtMD_658,VLASVSATHAKSSPY
NeXtMD_4023,VKILDINDNPPVFSQQI
NeXtMD_360,GDTMAEVELREHGSD
NeXtMD_1470,LADAGCSGGAYDIIICDE
NeXtMD_2821,AGMVTTSTTLAWGLLLMILH
NeXtMD_2669,ELWMFVRKKLMMEQE
NeXtMD_2359,DYVRGKMIEYLNHLV
NeXtMD_1357,GVKAKAGDCPYQISLQSSSH
NeXtMD_114,LEDLLMGTLGIVCPICSQKP
NeXtMD_2292,ICFSPSLEHPIVVSGSWD
NeXtMD_849,VIKGGRHLIFCHSKKKCD
NeXtMD_3099,ISFCRGNKGFVAFND
NeXtMD_4130,FAGHGKAYLHGSFDK
NeXtMD_3575,KWCANPDWIHIDTTPFAGLV
NeXtMD_2054,KYLYRPFANQDAGAK
NeXtMD_3353,RQLFQGQDMSEEETE
NeXtMD_617,KRHDGGCRKELAAV
BertAIP_845,VIPEGWKADTCYESK
DeepAIP_4486,NYETETTSVIPAARL
NeXtMD_301,GTLISRAPVVTHTYL
BertAIP_1172,ETFHSTSSEGNPSPSQVSTTSEYPSQPSSPPNTPRQ
BertAIP_805,LALYNAIRSPEFQSI
NeXtMD_3351,MNWDTWRVYRDAVSQ
DeepAIP_4518,YFYYLGTGPEASL
NeXtMD_3293,NLARTISEAGQAMASTEGNV
NeXtMD_90,PSPAKPDPNLYNTLD
BertAIP_97,INFQTAADQARELIN
BertAIP_3000,KYDYATLKVALAKKEVEAKE
BertAIP_4256,KKELEDIVQPIIAKL
NeXtMD_645,QSMYENYIVPEDKREMWMAC
BertAIP_2072,FETIVVTLDALPELQ
NeXtMD_884,DEEIIRMMQILIRKTK
NeXtMD_3326,LGTCQTLTPMMSSKF
NeXtMD_4067,QKESHFVSARPQSQSQSPSS
NeXtMD_2312,NVAGSSQIWIDH
NeXtMD_1813,QVLAIAADYLANDAE
NeXtMD_218,AYDEEARRGLERGLNALADA
NeXtMD_2561,KKISSVQSIVPALEIA
BertAIP_5033,IPVTGRKHLRRGVGI
NeXtMD_1594,NLAKTVLSNLLDGNLQG
NeXtMD_3433,LLAMTLRKFKNSTYF
NeXtMD_3849,FDQLGRLAVDKELDE
BertAIP_3372,MDNNRSLDLDSIIAEVKAQYEDIANRSRAEAE
BertAIP_2139,WNRKRISNCVADYSVLYNS
BertAIP_3644,APQIPPNWHIPSIQDAATPYHPPATPNNMGL
NeXtMD_796,VQASNGPLSASDASAL
NeXtMD_1106,LAAVSVDCSEYPKP
NeXtMD_2441,YTQLGRAAATLMTER
NeXtMD_2515,LLADLQHSINKWSVIY
NeXtMD_1130,LYMGVTSLSGIQLFD
NeXtMD_2867,AKKLLKLLNGIKSKVN
BertAIP_3095,HLVERLYLVAGEEG
NeXtMD_2890,VKNVIGPFMKAVCVE
NeXtMD_2265,STDHPKYSDMIVAAIQAEKNR
BertAIP_4307,KYKYICDDLDMTFTE
NeXtMD_2279,SDPNHYKGDFTYLSV
NeXtMD_3677,ALKALNAHWSADAVY
NeXtMD_503,NTLYSGHKDNLIRVWSISDAE
NeXtMD_2616,AFVFLQILNNLVTAYMLM
NeXtMD_1114,KLYKMAVAFMLAYPY
NeXtMD_1496,IMVAFKGVWTQAFWK
NeXtMD_97,QTDEIKNDNIQTDEIKNDNI
NeXtMD_354,SGLENHDSGVGIYAP
NeXtMD_3880,KAERADLIAYLKQATAK
BertAIP_4353,MKLEKDNAMDRALLC
BertAIP_3528,ETEDSFIADLVVGLS
DeepAIP_4490,PQTQQPQQPFPQPQ
NeXtMD_1560,VAKVNIKPLEDKILV
NeXtMD_3453,AVFEAALTKAITAMS
NeXtMD_2428,WEGVGVVPDVAVP
NeXtMD_2546,AAMASASLVTVAVPATANAD
NeXtMD_2198,ITNTATTVLLDEFGV
NeXtMD_1026,DQVHFQPLPPAVVKLSDALI
NeXtMD_3368,YEGERAMTKDNNLLG
NeXtMD_1453,KGGKGLGKGGAKRHR
BertAIP_4476,NGLNAIDFLNGIHDL
NeXtMD_659,LNIFTNNLGRINTHV
NeXtMD_633,ISFSEQQLVDTSGPW
NeXtMD_3168,APEADQTTPEEKPAEPEPVA
NeXtMD_3225,YHGQRHSDEHHHDDSLPHPQ
NeXtMD_618,DVPRHGEQFYYFNQQ
NeXtMD_33,VFIKRVSNVIIHGLYLYG
NeXtMD_2597,HHQRLFMVQSLERVV
NeXtMD_1911,ASQKRPSQRHGSKYLATAST
NeXtMD_3850,MATTYEEFAAKLDRLDEEFN
NeXtMD_2269,KYLTEMSRASDILSH
BertAIP_2600,NGSWYYLNANGSMATGWV
BertAIP_1646,KLTEWTSSNVME
BertAIP_3390,VAMPMLYNTRYSSKR
NeXtMD_2782,KFDSKKPKEDPGPARVIYTY
NeXtMD_783,YEKYEDDYARETPYD
NeXtMD_3708,RQMVQAMRAIGTHPSSS
NeXtMD_2588,LPAAVSDKNKAYLHF
NeXtMD_3084,EIRLKVFVLGGCRHK
NeXtMD_695,AQVATISANGDKDIGN
NeXtMD_1348,AARVTQILSSLTITQLLKRLHQWI
NeXtMD_1380,CLEWINKQTSLLRKNI
BertAIP_4084,SAWLFRMWYIFDHNYLKPL
NeXtMD_1464,PLICHATESYTIDVN
BertAIP_4211,NFGDQELIRQGTDYKHWPQ
NeXtMD_1146,IDLFKNPYDFEAIKKLIN
NeXtMD_3071,KDDWENLEIDMIVDT
NeXtMD_935,LNGLAAVREALVTHGEDTAD
BertAIP_2314,NPVVTKKEEPVNIEA
NeXtMD_607,QLLRLKKYKVPQLEIVPN
NeXtMD_303,GEFSIQTDAKTDVPM
NeXtMD_2225,ADEERMDALENQLKE
NeXtMD_2250,GMPEVYVEGKRVDYN
NeXtMD_265,PLMSSKFPELGMNPS
NeXtMD_2911,KDPVKRGEPFSTYYI
NeXtMD_3274,RDAVTYTEHAKRKTV
BertAIP_2539,RNLALETLPAMCNV
NeXtMD_3571,SYFTNMFATWSPSKARLHLQ
NeXtMD_3894,NPDTKEKINEKIITD
DeepAIP_3099,IKEKGKDKWIELKES
NeXtMD_3952,EGCTSELQEQCEEERCLPKR
DeepAIP_4547,PELGMNASHCNEMSW
BertAIP_2269,VNFKQIYYTVSVDAVKNP
NeXtMD_1301,PDLSNNFGKLFEVKP
BertAIP_3731,RNFQPMSRQVVDDTKYKDYQQVGILHQHNN
NeXtMD_2537,VAISRYLGKQFGLSG
NeXtMD_1197,APAAAEPARQSSRGS
NeXtMD_2226,KLDAVYLNKNKYLTVIDKDA
NeXtMD_3756,SPVPNMQREVLVFLR
NeXtMD_1642,NRMVNHFIAEFKRKH
BertAIP_1986,FGISNYCQIYPPNANKIREALAQPQRYCR
NeXtMD_3193,PVTEEPGMAKIPAGE
NeXtMD_1193,VPRLPEQGSSSRAEDSPEG
BertAIP_2027,KAEQVKASKEMG
NeXtMD_601,MAVHQYTVALFLAVA
NeXtMD_1574,ELEKYQKLNSERGVPN
NeXtMD_3636,YEGKDQFYYDKSEQY
BertAIP_288,EQYNLEMAKKSGDILERDLKKEEARVKKIEV
NeXtMD_974,TVAEEHVEEPTVAEE
NeXtMD_3871,SYEIEMFYDGSRIMI
NeXtMD_597,GGFEVNGNFIKVSAE
NeXtMD_289,FKPVIIYNFLQSLRLLSDSME
BertAIP_4125,SFQQPQQQYPSGQG
NeXtMD_791,DRGEKPASPAVQPDAALQRLAAVL
NeXtMD_1083,LKVAAIKAPGFGDRR
NeXtMD_675,EKPKFEAYKAAAAPA
NeXtMD_951,IVAGGGVALVRAINS
NeXtMD_2267,NTVYFGFDKYDITGE
BertAIP_4700,NALLCCLLVSAASAI
NeXtMD_1254,HGTSATAAAIQLMCSDSVPC
NeXtMD_4032,HGRGTCNYYSNSYSFWLASL
NeXtMD_1547,LDVVCAMIEGAQG
NeXtMD_4014,HSLYNNEKGLEWLGQ
NeXtMD_604,ATESYTIDVNFYCVP
NeXtMD_2390,YDQREPQAWCRPNENQSWT
BertAIP_3330,LYSLSSVVTVPSSSL
NeXtMD_1910,EKKATEAKQKVDAEE
NeXtMD_710,FSNMDIKGKNALVTG
NeXtMD_824,VDLLVNLLPAILSPGA
NeXtMD_3141,TNSVTNIELEPPFGD
NeXtMD_3146,TDANKQKGIEWNHDT
NeXtMD_4035,MEERKIKVYLPRMKME
NeXtMD_780,NELFKFNRLHTKISILQIIG
NeXtMD_589,TPLLYRLGAVQNEVTLTH
BertAIP_4452,YNKIFYARVPQRIYQ
NeXtMD_2870,KWALPLYYKPTCVVD
NeXtMD_3812,LDVAEGDTVIYSKYG
NeXtMD_170,GWGYLQEGSYSLPSELQRVD
BertAIP_2717,GQVELGGGPGAGSLQ
NeXtMD_3109,ILSCRIIGAQKFDVV
DeepAIP_3166,MATGWAKVNGSWYYL
DeepAIP_3038,AATGAATAATGGYKV
NeXtMD_1365,SSSSSLLAMAVLAAL
NeXtMD_2452,NATAMVAQINAVNKPQTVS
NeXtMD_1529,YSFALMLIIIILIIFIFRRD
NeXtMD_3807,DLVANQPNLKALREK
NeXtMD_707,ARRRLLVLDAVALERWPRDG
BertAIP_2473,FSTEDGQGKAHNGRL
NeXtMD_1027,YLVLASLIACS
DeepAIP_3050,ADLGYGPATPAAPAA
NeXtMD_3021,DSFIADLVVGLSTGQ
NeXtMD_1986,AAGAATTAAGAASGA
NeXtMD_3711,GQEYTFYVIVTPYAK
NeXtMD_4037,TGSQDFFVRSIG
NeXtMD_986,FGKQGFFPDSVNKALY
NeXtMD_3087,ADVVLIASIDHIT
NeXtMD_1659,FKADEKKFWGKYLYEIAR
NeXtMD_1487,AKRLDACQDQLLE
BertAIP_1779,YDAIRSPEFQSIVGT
NeXtMD_2043,KNPQEETLQAFDSHYDYTIC
NeXtMD_2728,HVGQSASRGRGLGENPDDEE
BertAIP_2529,QILYWILVANLLILTWIGGQ
NeXtMD_1586,LGKVTIAQGGVLPNI
BertAIP_1816,VHDDVVSMEYDLAYKLGDLHPNTHVISDIQDFVVEL
NeXtMD_2345,IVTTSTNDWVVTCSYTIPTCRKMDE
NeXtMD_422,ANNGNLQLRNKEVTWEVLEG
BertAIP_190,PFGDSYIVIGVGEKKITHHW
NeXtMD_3863,EYGTTMVSYQPLGDK
BertAIP_3877,QQPYLQLQPFPQPQ
NeXtMD_2105,GRETVIEYLVSFGVW
BertAIP_3145,MDCEAGFIALTARCVHSLVV
NeXtMD_416,LDPYFNLVSPEVYNY
NeXtMD_1427,YIVMSDWTGGALLVLYSFAL
NeXtMD_229,MGSEVYHHLKNVIKG
BertAIP_2916,DGYETLIMSDES
NeXtMD_2310,AVIRGKKGAGGITIK
BertAIP_466,RSLFGGMSWITQGLLGALLLWMGINARDRS
NeXtMD_130,VDSITEVECFLTPEM
NeXtMD_850,LNDALSLRTEARATY
BertAIP_1859,REQFLGALDLAKKRV
NeXtMD_3184,VKYAVFEAALTKA
BertAIP_4421,IDEVDADKSGRLEFD
BertAIP_3026,LQSSGLYSLSSVVTV
NeXtMD_3819,SIAWSADGNTLYSGHKDNLIR
DeepAIP_3176,NDKSDRYIPYSPLPPNVLDN
NeXtMD_433,GGGYITCPPYVEVCQ
NeXtMD_413,LVNYEMKLLHKVGS
NeXtMD_1015,QSPAILSVSPGERVS
NeXtMD_457,TYSAHHIVQNDAFYT
NeXtMD_4063,EISTNIRQAGVQYSRADEEQ
BertAIP_1463,LLEFYLAMPFATP
NeXtMD_3171,QEGPEYWEEQTQRAK
NeXtMD_934,KNESKYSNTFINNAYNMSIRRSM
DeepAIP_4503,ATGPLGPKGQTGEPGAPGNKGEQGPK
NeXtMD_3680,FYKNLIWLVKKGNSYPKLSK
BertAIP_3131,RWSLGDFGDIIMGTD
BertAIP_4396,GKPTEKHIQIRSTN
BertAIP_2420,RNGVYGINTLNNMGTLYARH
NeXtMD_3091,MEAVGAYDVIVNGDK
BertAIP_262,EEPIAPYHFDLSGHAFGAMA
BertAIP_4766,TFERIPLKKMPS
NeXtMD_3767,KIISRCQVCMKKRH
NeXtMD_3375,AAVEYLKSDEFETIV
NeXtMD_2487,ILSEGNSFTAPNESYKKQVTI
NeXtMD_3719,CWVAMTPTVATREGKLPATQLRRHI
NeXtMD_1446,SDKTIDGRGVKV
BertAIP_3584,ERMRKVLENRSLSDE
NeXtMD_1707,AVWVDGKARTAWVDS
NeXtMD_2933,TAKAAGKSVMNMSLGGPRSE
NeXtMD_1022,AKKAVEDAQKALDDA
NeXtMD_350,YQGVQQKWDATATELNNALQ
DeepAIP_3065,FEAMYLGTCQTLTPM
NeXtMD_1351,SYLQGFSRNTLEAAF
NeXtMD_4102,YTEPRSVTPEERSVFQPMIL
BertAIP_903,CCQQLWQIPEQSRC
NeXtMD_683,EVVETDGKKKECSS
BertAIP_232,LAEIETDKATIGFEVQ
NeXtMD_3492,KQVDVDPVGVAVRLS
NeXtMD_2408,ALLVLYSFALMLIIIILIIF
NeXtMD_1391,LKNYQLDSELRIKAF
NeXtMD_2738,AVESEISPRLDAIKL
NeXtMD_3587,LEAAFNAEFNEIRRVLLEEN
NeXtMD_1650,ISLLDLISLKGKFSI
BertAIP_3569,ILMQYIKANSKFIGIPMGLPQSIALSSLMVAQ
BertAIP_2660,FGVALFCGCEVEALTGTEKLIETYFSKNYQD
BertAIP_1206,SVFLFPPKPKDTLMI
NeXtMD_1902,NTGLKMFPDLTKVYSTDIFF
NeXtMD_1252,ICDECHSTDATSISGIGT
NeXtMD_1542,NELLLDLSLTKVNATEPERT
NeXtMD_288,DTDQEFLDTKWFLDE
NeXtMD_2909,RNPILHFMRLKPKGLNNI
DeepAIP_3215,QKSQRSQKENPV
NeXtMD_3100,YTGFGRVTEFKYSRD
NeXtMD_1799,GATRERSLWIIFSKNLNIKL
BertAIP_376,YNYEFALESIKLLIKKLDELAKKVKAVNPDEYY
NeXtMD_269,ANILLQIDNARLAAD
NeXtMD_2325,VLDCDGSGSNSGVIKGMEWA
BertAIP_3088,NPIVTEKDSPVNIEA
NeXtMD_1282,AGAKKAGAKKAVRKVATPKK
NeXtMD_3215,LIFCHSKKKCDELAAKLV
NeXtMD_172,AKFVAAWTLKAAA
BertAIP_2316,VFIICWLPFFITHIL
BertAIP_2099,VGGVFTSVGKAVHQVFGGAFRSLFGGMSWI
NeXtMD_3861,PYGDSMDRIEKDRLQ
NeXtMD_3670,IMDINKRKYDSLK
BertAIP_1475,ARGGLVDEKALARALKEGRIRGAAL
NeXtMD_777,ELQKKIYVIEGTSKQDLTSF
NeXtMD_3027,RRPQDVKFPGGGQIVGGVY
BertAIP_2865,HFVDVIWLFLYVSIYWWGS
DeepAIP_4473,IPAARLFKAFIL
NeXtMD_2129,DSIAALKDKPDNPAL
NeXtMD_2999,SVPGVNPNNAAALPGK
NeXtMD_1242,FLSTGMVFENLAKTVLSN
DeepAIP_3139,KVPPGPNITATYGDK
NeXtMD_1626,SLVLPPTDAPSEKAL
BertAIP_221,LYFGGVVTLCFGLSLNHGVLVVGFNRQAKP
NeXtMD_3258,NKWEDKRLLYSQA
NeXtMD_306,IRRVTRVYHNGITGETTT
NeXtMD_77,STIASGIIIEKYNV
NeXtMD_1619,VIAVSKDVKPIYLNGEEGNK
BertAIP_1792,RQIFGDYKTTCGKGLSATVTGGQKGRGSRGQ
NeXtMD_2316,TVPGGGTTYIRAIAALEGLK
NeXtMD_1926,SHLVAALYLVAGERG
NeXtMD_3541,SPRWYFYYLGTGPEA
NeXtMD_3110,QQNWWTLLVDLLWLLLFLAI
NeXtMD_287,GTNLTHQDNVPSWGLARVGS
NeXtMD_331,LVVPRYAFAMERNAGSGIII
BertAIP_1313,YNVVTRLPASPAALA
NeXtMD_2974,EPIRMILVAAGVE
NeXtMD_2037,LFDPIIEDYHGGFKK
BertAIP_2081,LNNIHDLLGIPHIPV
NeXtMD_2419,SKEFIPELNKLGSLFGQGE
NeXtMD_3511,RWGTYAIGGSSA
NeXtMD_3840,KGGPGDEDDPLRRTG
NeXtMD_24,WNCLPQGFVLSPYIYQKTLQEI
NeXtMD_4134,TKRIKVAASTLRTYI
NeXtMD_1625,CGGTGKNTIVIPKGD
NeXtMD_145,KLGDKEMIQHYTLDQ
NeXtMD_456,HPSYKKLRARIRKDTVFIVP
BertAIP_4001,NNYKTTPPVLDSDGS
BertAIP_3983,NGSISLMCLALGGVLIFLST
BertAIP_4727,LIMLYALIATQFSDD
NeXtMD_3622,LKNCVDAKMTEEDKENALSV
NeXtMD_3291,YEMVFDGKPQHTNVCFWYIP
NeXtMD_2852,GNAGVGAFWRLNDAL
NeXtMD_1079,GSDPKKLVLDIKYTR
NeXtMD_3394,YDSLKEKLQKTYSQY
NeXtMD_3506,LFVDSDVIQRAYETR
NeXtMD_3528,LQHLQSIEVFPEDEG
NeXtMD_1023,PGPVGPPGSGGLKGE
NeXtMD_2423,DEVLVEIETDKVVL
NeXtMD_832,FKHKFAELLEQQKAAQYPSK
NeXtMD_3864,HYLFKGFSALENLQVASI
DeepAIP_3119,KDKWIALKESWGAIW
NeXtMD_215,ISLEVLKNYQLDSEL
BertAIP_4437,MNDGIAELIKIESSL
NeXtMD_1192,TLDLNTPVDKTSN
NeXtMD_3703,TRINDLTDPNMLAHL
BertAIP_2143,EGEQNDKSTEAAEEA
NeXtMD_3579,FNMVGFRNAVAGTAV
NeXtMD_3985,LLSCLTIPASA
BertAIP_3830,NKIQDKVTIDGY
NeXtMD_4163,TSQDGNNHQFT
NeXtMD_1056,AAVTLLEQPNPSKLA
NeXtMD_3119,SLEVSEEKANLREEE
NeXtMD_3681,QIELNSRGEVRKLRV
NeXtMD_105,KPLVIIAEDVDGEALSTLVLN
NeXtMD_778,PEVTKAEETKTEEPAAPPAS
BertAIP_930,GQVELGGGTPIESHQ
BertAIP_1058,LGIIEVLIPSLPKKI
NeXtMD_771,IRSKSINSATHYAES
BertAIP_3057,QSLIQKLKDKGVDVD
NeXtMD_1768,FLTWHRYHLLRLEKD
BertAIP_3959,LHFSEALRIIAGTPE
NeXtMD_760,DDKGFINTAKLIQLL
NeXtMD_3452,AAVGATPEAKFDSFV
BertAIP_4418,GTYRLIPNARANLTA
NeXtMD_3630,ENAYEYLKHNGLETE
BertAIP_1103,FSGTVFLANTNLILH
NeXtMD_2381,MQILIRKTKNNPILLIKP
NeXtMD_3813,KTPVLSVNATVVRLQ
BertAIP_207,EAMQHELREAFRLYD
NeXtMD_3213,VLAKKIINNQIGPKP
NeXtMD_1530,LLLKVNQIGTVTESI
NeXtMD_1226,KYPDMILSCSRDKTL
NeXtMD_199,RRILEAKQKGFV
BertAIP_2921,ENCTQPYQQGCAV
BertAIP_1830,RKQWWNESKAQIWTA
NeXtMD_551,PDTAKEKPQEGTVVA
BertAIP_1912,FAERIHKLVSLGLNI
NeXtMD_545,LAYPYGYPRVMSSFS
NeXtMD_1456,PVCAHRETTIVSFGYSLYAG
BertAIP_661,SKQPTIDIDLCDICT
DeepAIP_3036,DDQPRPRGDNSSVQKPEENI
BertAIP_2383,VRVLYQPNVENLYHIYRHIGVNYAETVL
NeXtMD_2320,ETIHKIVLNPEIYNK
BertAIP_2814,NTDFGNLAAQIKVPN
NeXtMD_1306,TSKGLFRAAVPSGAS
NeXtMD_1536,VNGSWYYLNANGAMA
NeXtMD_1405,SLGWATLVGEITAGNLLHTR
NeXtMD_2749,VGIADLSTDYNHNNLLTK
NeXtMD_1827,VSFGVWIRTPPA
BertAIP_2770,NFNFNGLKGTGVLTE
BertAIP_2918,EPQIYRRIREWGRDY
BertAIP_3397,MKGALKFFEMEAKRTDLNMFERYNYEFAL
NeXtMD_936,IAKVPPGPNITAEYGDKWLD
NeXtMD_1480,EVKEKGMAALPRLIA
BertAIP_1390,VVADGAGLPGEDWVF
BertAIP_2821,PAAPSYTLKLGEYGEVTVDCEPRSGIDTNA
BertAIP_416,TQSVPVRRPARRRQS
NeXtMD_1140,LDVIQSGLENHDSGV
NeXtMD_1088,CLHYTVDKSKPK
NeXtMD_3883,KASGPGAAAQIQEVK
NeXtMD_1110,VIIDLRKQSREVGGN
NeXtMD_2418,QQEVDYIIDHVDQHN
NeXtMD_3721,KAIEEDLKHFNLKYE
BertAIP_4474,MAAITSWITDSGCKD
BertAIP_100,KEGNGYITTNVLREI
NeXtMD_596,QVSVEIEWELQKENS
BertAIP_1665,QIYPPNANKIREALAQTHSAIAHYWT
NeXtMD_2750,CENIVEKYGAKIVSA
NeXtMD_3746,QTLFAGYFDNTIRVW
NeXtMD_1811,TSAGSEGTGQALASPGSCLE
NeXtMD_1477,QHANACRFWPTGRGI
NeXtMD_969,IPQSLDSWWTSL
NeXtMD_3968,KCNLYADSAWENVKNVIGPF
NeXtMD_697,FTSLLQHFSFSVPTGQPRPS
NeXtMD_3401,GNQWVGYDDQESVKSK
BertAIP_1628,RKWFPAEPEDV
NeXtMD_3150,IDRFPYQLHTGKNTI
BertAIP_4854,GAGSLQPLALEGSLQKRGIV
BertAIP_1394,KMEKLQLKGTTYGVCSKAFKFLGTPADTGH
NeXtMD_3054,KEVEEAWASACGGTG
BertAIP_2968,YLTQNPQLGISPSNPSEITSQ
BertAIP_1020,QKQQQQQQQQILQQ
NeXtMD_4180,GVLPNIQAVLLPKKT
NeXtMD_2543,TGWVKDGDTWYYLEA
DeepAIP_3074,GELELQFRRVKCKYP
NeXtMD_727,LEKDNAMDRADTLEQ
NeXtMD_3244,ESSPNTQWELRAFMA
NeXtMD_3343,LYVFVVYFNGHVEAV
NeXtMD_3444,NVIIHGLYLYGCSTSVLG
NeXtMD_2624,EKVDAAFKVAATAAN
NeXtMD_548,LWVLRVPSTMVWRPDIVLEN
NeXtMD_477,SDVGEYRAVTELGRPDAEYWN
NeXtMD_3834,VTVERKGRELTVIDY
NeXtMD_2800,TNMFTYEIAPVFVLLEYVTL
NeXtMD_558,AIKLTSSAGVLS
BertAIP_138,KKMQAMKLEKDNAMD
BertAIP_4817,PTGPLGPKGQTGELGIAGFKGEQGPK
DeepAIP_4639,KNIVTPRTPPPSQGKGRGL
NeXtMD_2246,VCPFAGILENGAVRYTTFEY
NeXtMD_2080,ENVKNVIGPFMKAVCVEVEK
BertAIP_3116,EGRCKANKIQDK
BertAIP_2227,NEKLETSPDFLALYN
NeXtMD_162,TLDISNNRLESLPAH
NeXtMD_1861,RSLESFLDCSLVLPPTD
NeXtMD_2289,VPPSLRTLEDNEERMSRLSK
NeXtMD_3310,ANGAMATGWAKVNGS
NeXtMD_1567,FNWENKTMGFGRSVE
BertAIP_949,YGKDVKDLFDYAQE
BertAIP_3350,VGTILEMLGHRLDDD
NeXtMD_3234,CGKYLFNWAVRTKLKLTPIA
NeXtMD_2437,RAINSLDNLRGENAD
BertAIP_311,RLTPYILVLASDTIAFNV
NeXtMD_838,GAGDENIEDRGMLATV
NeXtMD_3133,KGPFYQSFRSKVKKILSTL
BertAIP_4064,VYPFLASNAALLNLI
NeXtMD_4187,GRTILKENIKYEVAIFVH
NeXtMD_1762,FVAAAKYMVIQGEPG
BertAIP_1009,QQQQQQQQQQQPLS
NeXtMD_2881,LLLMITLLLIALWNLHGQAL
BertAIP_4678,FVNQHLCGSHLVEALYLVCGERGFFYTPKA
BertAIP_98,HRSGSTIGKAFEATVRGAKR
NeXtMD_104,LDYERFRGSWIIAAG
DeepAIP_3167,MGKATTEEQKLIEDV
DeepAIP_3236,SHIQSAVVCGRRHGV
DeepAIP_2952,SRWSSPDNVKPIYIV
NeXtMD_3126,GALEVHAVKPVT
NeXtMD_2169,PLFSHLQNEQWVD
BertAIP_840,GLTLNGKASRNLQDD
DeepAIP_2979,TNLSDALLQVRKHLNDRINR
NeXtMD_538,HEACYDQREPQAWCRP
NeXtMD_1937,LGFSGPLLVFEEAFF
NeXtMD_3551,NLYLTIPTARSVGA
BertAIP_4440,QQPQEQVPLVQQQQ
NeXtMD_4126,DTANWSWPDGAELPFTI
DeepAIP_3090,GTLHDKKSMGDDHFW
NeXtMD_2799,EPLLPHQPSLETQLY
NeXtMD_904,NYAIVEGCPAAANGH
NeXtMD_3467,LVNLLIFHINGKIIKNS
BertAIP_4507,GVRIYVDVVLNQMTG
NeXtMD_2206,LTDDIMCVKKILDKVGIN
NeXtMD_2415,RNDLITFLEQETK
NeXtMD_1378,PAHLLKYDTTQGRFD
BertAIP_995,AVVFNFLNSMLALMAIFI
NeXtMD_1660,GIQYLAGLSTLPGNPAIASL
NeXtMD_1095,AATGIGLEYVKQLLE
NeXtMD_1580,MSLLTEVETPIRNEWGCRCNDSSD
BertAIP_3675,MSFWLLPPSFLLLLASSMVE
BertAIP_117,GIFNTGLKMFPDLTKVYST
NeXtMD_533,QKFSEHFSIHCCPPFTFLNSKR
NeXtMD_546,FASFDVPSKQPTIDIDLCDI
NeXtMD_195,YKVYDFVRTHLYPHV
DeepAIP_3214,QKSQRSQEENPV
NeXtMD_2048,VEKGSNPNYLAILVKYVDGD
NeXtMD_3286,LIAFTSEHSHFSLKKGAAAL
NeXtMD_206,LGHDDAYSDDKSMKVTVAFN
BertAIP_4253,FEEIRNLALETLPA
BertAIP_4459,WNESKAQIWTAMMYS
NeXtMD_748,LFAAFPSFAGLRPTFDTRLM
NeXtMD_1756,AEQFKQKALGLLQTASRQAE
NeXtMD_1228,KQVHPDTGISSKAMG
DeepAIP_3044,EAKYDAYVATVSEAL
NeXtMD_3097,VEALFLLMKADPSIH
NeXtMD_595,PTIGVGGNFAGGGFG
NeXtMD_1353,AIKAGTGGAYESYKF
NeXtMD_245,PSDKHIEKYLNKIQNSLSTEWS
BertAIP_4432,VKAAVEYLKSDEFET
NeXtMD_440,CVYCKTVLELTEVPAV
NeXtMD_322,DQMWKCLIRLKPTLHGPTP
NeXtMD_3301,DENPVVHFFKNIVTPRTPP
NeXtMD_3354,TEWTSSNVMEERKIKV
BertAIP_1366,ILLNKHIDAYKTFPP
NeXtMD_2257,LMEYNLLPLLLSLLSKKKTLTSSGL
NeXtMD_1596,NATAEGRAINRRVE
NeXtMD_1792,KSSKPLVGPFNFRFM
NeXtMD_704,TYEIAPVFVLLFYVTLKKMR
NeXtMD_1541,ITKNIAGDKIDLHSI
NeXtMD_2311,EEILGPDGNTPQFEN
BertAIP_3060,EIDRLNEVAKNLNESLIDLQEL
NeXtMD_13,MAKDIKFDIEARDKL
BertAIP_3028,STWYGKPTGAGPKDN
BertAIP_777,DDLYALFQEKLETSP
NeXtMD_1684,FKGVDAQGTLSKIFKLGGR
BertAIP_4642,IMSDESTESETE
NeXtMD_3655,NYIVPEDKREMWMACIKELH
BertAIP_4341,DSDVGEFRAVTELGRPDAEY
NeXtMD_1284,ELRVVGNNLKSLEVS
NeXtMD_467,RDYVSELPTEVQKLKEKCDG
