Sequence,Label
LAQEAGNFERISGDLKTQID,1
QTLKKPADDANKAVNDS,1
IKKMLADQTVEEHIG,1
KAAGLFNAPASQLAR,1
KLQKTYSQYKVQYDM,1
KFGADARALMLQGVDLLADA,1
TYPPSNQNKLFKSQC,1
WNCLPQGFVLSPYIYQKTLQEI,1
LSSSLGLALLLLLLALLFWL,1
SLSVYDLESKAVIAEL,1
MVPFIPLYRNGD,1
VFIKRVSNVIIHGLYLYG,1
TNKVNSVIEKMNTQFTAVGK,1
TEQTATDYVPSSTSTPH,1
SSKPPSKRLTFGWHR,1
KEAVPLEDLVLPEPVG,1
HDDRLGFLTFCPTNL,1
CIEFVQQEVDYIIDH,1
IKPGSANKPKDELDYENDIE,1
LPACVYGPAVASGYDFE,1
HEYEPLPEDVKKTSE,1
NKLLIAFGLVILLVTLPCAS,1
TTEWVETTARELPIP,1
YKYLGPFNGLDKGEP,1
STIASGIIIEKYNV,1
DRTGVRVLTMCPGVT,1
LYLKRKLIYDAAVEG,1
LRKGNYAERVGAGAP,1
AKDMKIMQNIAQTISLIAGQK,1
SQVEQFLHRNIQEYLSILTD,1
PSPAKPDPNLYNTLD,1
FLLMDALKLSI,1
QDWLGVSRQLRTKAW,1
STLTKTLVLVPLLANNR,1
PRFIAVGYVDDTE,1
DFWQMVWESGCTVIVMLTPLVEDGV,1
SNNLEYIVGRAWIGF,1
LDYERFRGSWIIAAG,1
KPLVIIAEDVDGEALSTLVLN,1
VTPVYYIPLEAV,1
IDIDLCDICTNTMDV,1
EENVEENVEENVEENV,1
FLPLLALLALWEPKPTQA,1
YASVFSNNAKEIIRLHSDAS,1
ASEQETADATPEKEEPTAAP,1
TAADTPTAESISPSPPC,1
AEVDCSRFPNATDK,1
EYKILEKMPQTTIQVDGSEKKI,1
SLLELQKVFSKGTFL,1
AAFNNAIKAGTGGAY,1
YVYALPTKAAHIVFP,1
KLGDKEMIQHYTLDQ,1
SYQPLGDKVNFFR,1
KGGRKPARLIVFPDLGVRVC,1
DIKFLPFKVVEKKTKPYIQV,1
EDEIDGPAGQAEPDRAHYNI,1
QTCSPLRVNHAVLAVGYGTQ,1
PIVQLQGDSNCLKCFR,1
TLDISNNRLESLPAH,1
GGVGLASTLWYAESNALSKRLGEL,1
GDLLAEIETDKATI,1
AKFVAAWTLKAAA,1
GGGPGAGSLQPLALEGSLQK,1
LSILMEPILSRIPLA,1
NISQHQCVKKQCPQNSGCFR,1
KARVDELERIRRSIL,1
RQNIHSLSPQEREQF,1
MTSRDIEVQGFRIPKGTTLI,1
REGDKHKLKKSELKEL,1
RRILEAKQKGFV,1
SELLSLINDMPITNDQKKLMSNNV,1
LGHDDAYSDDKSMKVTVAFN,1
AYDEEARRGLERGLNALADA,1
GSHSLRYFLTAVSRPGLGE,1
PDDQIKKNVLAR,1
LRQTKVPSLFVESSV,1
HMAKEDLVANQPNLK,1
SFSVPTGQPRPSHHGVFAFL,1
MSTNPKPQRKTKRNTNRRPQ,1
MMLTCVEIKEGALML,1
PSDKHIEKYLNKIQNSLSTEWS,1
CPTNLGTTVRASVRI,1
KRVFCAAVGRLAA,1
KCTEEDSGSNGKKITCECTK,1
HKHYLVCNYGPSGN,1
GTDGVTYTNDCLLC,1
ANILLQIDNARLAAD,1
GRLIPTCKNLRPGPSPKEFE,1
DRIEKDRLQGMAPAA,1
LGLYRLFPTWMMFASV,1
ESYKFIPALEAAV,1
YGAFDPLLAVADICKKYKIW,1
KNDMVINLNQEL,1
NTGVINILNSASRVAKNG,1
ASDVETAEGGEIHELLRLQ,1
VAATLGFGAYMSKAHGVD,1
GTLISRAPVVTHTYL,1
IRRVTRVYHNGITGETTT,1
GKDFFKPLRILLTGNSHGVEF,1
LISTAVQGILFALLGA,1
TIDGRGVKVEII,1
MGETLLRAVESYLLAHSD,1
MTCENQNPCFPIQLP,1
KSAFVMANNLIEATQ,1
LVVPRYAFAMERNAGSGIII,1
DEIKYSEEVCNDQVDLYLLM,1
CGSSDLYLVTRHADVIPV,1
LRLCVQSTHVDIRTLEDLLM,1
SNLQLIYNLTLCELNGTDWL,1
NPNEPSNPNEPSNPNEPS,1
GALMLPHFNSKAMVI,1
YQGVQQKWDATATELNNALQ,1
AKYDAFVTALTE,1
TVTRGTISDPQRAKEALDKY,1
FENNQRCMCEALQQIMENQS,1
ENLREDGVWGRPHLS,1
KLTSGKPASCVDKNARGFYS,1
SVELIDIGGNRRIFGFNALVD,1
YNRLEKVEADAQVDRLITGR,1
SQRHGSKYLATASTMDHARH,1
PEMGDQAHMPYTTAVIHEVQ,1
LWYYIALKKLRKAFPNKYVKM,1
CLRCQKPLNPAEKLR,1
EENVEHDAEENVEHDA,1
IEIGLEGKGFEPTLEALFGK,1
ITGRLAALNAYVSQTLTQY,1
YLGYLEQLLRLKKYKVPQ,1
GLYNLLIRCLRCQKP,1
VKMAETCPIFYDVFFAVANG,1
ALSTLVVNKIRGTFK,1
ISVLKSRLLKRKKYI,1
ENNGGCDADAKCTEEDSGSN,1
KLEEKFPQVAATGDG,1
QGENEKYLPFLNNIETLY,1
TAVYFSEKYNDV,1
LVNYEMKLLHKVGS,1
DIEITCVYCKTVLEL,1
LDPYFNLVSPEVYNY,1
MQDPEALPTEQTATD,1
ENNHRIFLAGDKDNV,1
QKRAAYDQYGHAAFE,1
FGAQFITWRGIPLI,1
QVEKLIKNQKESHFV,1
DAEEVAPQAKIAELE,1
GGGYITCPPYVEVCQ,1
LDWLNRIETYVKWPWYVWLL,1
IPSLEAAVKQAYAATVAAAPQ,1
CVYCKTVLELTEVPAV,1
EEAAHWIGLEENLRED,1
SLKMADPNRFRGKDLP,1
TYTEHAKRKTVTAMDVVYALKRQG,1
GQFEDFFPASSRDQS,1
PCIPYVRGGGAVPPAC,1
NAGFKAALAGAGVQPADKY,1
HPSYKKLRARIRKDTVFIVP,1
GAGPKDNGGACGYKDVDKAP,1
QNKEANNRAEKSEEE,1
NIRFRYIVLQDTCSK,1
RDYVSELPTEVQKLKEKCDG,1
ATEGRVRVNSAYQDK,1
RILLRLHRCFQVLGR,1
NTALFKAIEAYLIAN,1
GIRIYVDVVLNQMSG,1
EGFTRLSFTAEEKAAH,1
ALRNMAVAKHNLNIMI,1
LRVGGRCHPHVNGVF,1
DEEFNKKMQEQNAKFFADKP,1
VLGLPAIKAWVAKRP,1
EHYDKFERMIKEHTEKFNKK,1
VDSYVTSSVKTKSEH,1
QESLLKANIQLVEKD,1
YNHNNLLTKFLSTGMVFE,1
IRLHSDASKNKEKALIIIKS,1
APAEPEAPAPETEKAEEVEK,1
LTMSNVKNVSQTNFKSLLRNLGVS,1
SESDEEFDDSAADDTDDSEAGGGS,1
WCNEEDHLRIISMQM,1
HPGNTILHVDTIYNRPSNTT,1
QKFSEHFSIHCCPPFTFLNSKR,1
NQRALYHTENAYVSVVS,1
CLLCAYSIEFGTNISK,1
FASFDVPSKQPTIDIDLCDI,1
VHFFKNIVTPRTPPPSQGKGR,1
PDTAKEKPQEGTVVA,1
VIASLTCGRRFEYDDPRFLR,1
FFVRSIGSKGGKLAAGKYTDAVTV,1
RNIPPRMFTAEEKAEA,1
FTTMPFLFCNVNDVCNFASR,1
RSLTPCTCGSSDLYLVTR,1
LASLIYRRRLMKQDF,1
DHAREVKEKKRIMNDKKLIR,1
FVPLYSSKSATSVGTPTRVS,1
RVIGDFGVPISILIM,1
AGELQIIDKIDAAFKVAA,1
TPLLYRLGAVQNEVTLTH,1
EYFKVAFKPTSPVPN,1
QVSVEIEWELQKENS,1
GGFEVNGNFIKVSAE,1
PIRALVGDEVELPCRISPGK,1
DAFSLDVSEKSGN,1
QLLRLKKYKVPQLEIVPN,1
MDRADTLEQQNKEAN,1
KRHDGGCRKELAAV,1
AMKKIQDCYVENGLISRVLD,1
HGRQIRMAKLLGRDPE,1
PPKTWEEIPALDKEL,1
TPNMYFKDVVIYHKK,1
ISFSEQQLVDTSGPW,1
LRELTTEEQREL,1
KPKHKKLKQPGDGNPENANANNAV,1
HVIEVQQINSERSWFF,1
KQKTNEPYEDFAARLLEAIDAE,1
YFVGKMYFNLID,1
SHLECRTFFLTQGALLNDKH,1
VFTRHSQTTAIPSCPEGTVPL,1
VLASVSATHAKSSPY,1
LNIFTNNLGRINTHV,1
ERVRYLDRYFHNQEENVRFD,1
EKPKFEAYKAAAAPA,1
YVQILDAHAAYLNAT,1
TRMQTQINGLNQGVSNAND,1
FGLVDGLNFAVQYLGKNERD,1
LLIIAIYALNSKKLLELN,1
EVVETDGKKKECSS,1
GKESCFCYFDCS,1
LQNHRIVQIEAKPNTLVLPK,1
AQVATISANGDKDIGN,1
FTSLLQHFSFSVPTGQPRPS,1
TRGTSEEGTLGNAGV,1
TYEIAPVFVLLFYVTLKKMR,1
IEDSFKLLNSEQKNTLLK,1
ARRRLLVLDAVALERWPRDG,1
LLWLLLFLAILIWMYYHGQR,1
GAGGEDPESFYRAFSWEVLE,1
EASEAYLVGLFEDTN,1
GPPGPAGPAGERGEQ,1
HTPGVHMASLSVYLKTNVFL,1
DSLSPRRAGAKAGPGLSPGT,1
GNRFLAPDDQIK,1
STHVMPNWVRKVFIDTIPN,1
AEEEKPITEAAETATTEVPV,1
AALGIGTDSVILIKCDERGK,1
RRGPRLGVRATRKTSERSQPRGRRQ,1
KKQADQLRALQSSFE,1
IVKTGERQHGIHIQGSDPGGVRTA,1
GGAYDTYKCIPSLEAAVKQA,1
CVENPNPTCNENNGGCDADA,1
LFAAFPSFAGLRPTFDTRLM,1
DVFYNGAYFVSSGKYEGGNIY,1
AQAAVVRFQEAANKQKQELD,1
PSTVKAGELEKIISRCQVCM,1
EAGFAKLAASDSKSL,1
ENTIKIQEGSGLSKEE,1
LYQAQYNLFIYNKQLQEAH,1
QFHQPLVSHQMRLSQ,1
LIYEETRGVLKVFLE,1
IRSKSINSATHYAES,1
KKKLEDTKKALDEQVKSAIT,1
ELQKKIYVIEGTSKQDLTSF,1
NELFKFNRLHTKISILQIIG,1
YEKYEDDYARETPYD,1
KHIQKEDVPSERYLGYLE,1
VVFFKNIILIGFL,1
DRGEKPASPAVQPDAALQRLAAVL,1
DDTKKDMLGKLLSTGLVQ,1
CDVGSDWRFLRGYHQYAYDGKD,1
VQASNGPLSASDASAL,1
AYSDDKSMKVTVAFNQFGPN,1
EESNTFGLQLELTEG,1
MAEMKTDAATLAQEAGNFER,1
NFWRGENGRKTRIAYER,1
GVDPFKLLQTSQVYSLI,1
ISVKNAEKVQTAGIVTPYDI,1
LEDYDTLGTLCNSTE,1
KEGDVFIMPAAHPVAINASS,1
SSFERFEIFPKESSWPN,1
VDLLVNLLPAILSPGA,1
FKEVLLSYQSKLGPMKWLE,1
FKHKFAELLEQQKAAQYPSK,1
MATTLPVQRHPRSLFPEFSE,1
LGIWTYDGTKVSISPES,1
AWIGFWLILLVMLVVA,1
TKEGRAMNRRVFATI,1
DGTQQFYHYASSVKPARVIF,1
QEAFSHIRIPLPH,1
VIKGGRHLIFCHSKKKCD,1
LNDALSLRTEARATY,1
QDFLRRVQELRINMQKNFISFDA,1
LQRFDQRSRQFQNLQ,1
LGNIIQRLHGLSAFSLHSY,1
MGGVAALFGMPWLSA,1
RRVTETRSSFSRVSGSPSSGF,1
FHLDLLLVVGMGGVAA,1
TQSVPVRCPARRRQS,1
FQDTHNNAHYYVFFEEQEDE,1
RVFFDTNKSNIKDQY,1
TSSEVATEVPFRLMHPQPED,1
QFKRELRNLPQQCGLRAPQR,1
AWYYVPLGTQYTDAPSFS,1
KKQGVIAKNAYSLILILQMS,1
VGAALGIELTPWLGF,1
SQKDLLEQRRAAVDTYCR,1
RLQQLVLDPGFLGLEPLLDL,1
GVHIPYKISASTNCATVK,1
VWLYNQIALQLKNHA,1
VRVDMVRHRIKEHMLKKYTQ,1
SHRTATAAEELA,1
ISYILNRHDNQNLRV,1
KNESKYSNTFINNAYNMSIRRSM,1
LNGLAAVREALVTHGEDTAD,1
GDGKMKELSPRWYFY,1
GQGVPINTNSGPDDQ,1
AMKRHGLDNYRGYSL,1
KLCPNNLCCSQWGWCGSTDE,1
HSDSQEELWMFVRKK,1
WVPSKKCHLTNIACL,1
GRSFTLASSETGVGA,1
KDYRAYYTFLNFMSNVGDPR,1
FFRMVISNPAATHQDIDFLI,1
LTRSGGASEPLLPHQ,1
QSGQFWRKFEVYEGDKKLPI,1
EKLKHILGKARFIKLN,1
IPQSLDSWWTSL,1
TVAEEHVEEPTVAEE,1
NTYKHRLQKRTMRPT,1
DYTGKIMWTPPAIFKS,1
YTLDQVNQHKKAIEE,1
FGKQGFFPDSVNKALY,1
NVVKTVVTPVYY,1
NDGGPPQLTEEVENKGGDQG,1
PYYLSDITDALSPQV,1
RGILESLMCNESSMQSLRQRKSV,1
IYETFSKLIKIFQDY,1
EAIQPGCIGGPK,1
STSLVKAHSMRNSAS,1
ESKHGLTNTASHTRLSCD,1
QSPAILSVSPGERVS,1
DQVHFQPLPPAVVKLSDALI,1
YLVLASLIACS,1
RAPRKTSERSQPRGRRQPIPKARR,1
EDLQVGQVELGGGPGA,1
YFVAILDYLNHMAKE,1
KFKGKATLTSDK,1
ICARQDPAGNCS,1
LVVFSDPNADAATSV,1
AAVTLLEQPNPSKLA,1
EMLFNFLKEQLNKLLGLLRLF,1
LRLIHYSYDVN,1
PINTNSGPDDQIGYY,1
GLILGLLRRHASSLIVFKL,1
NSPLHQEYEENLGDSIVGYKEK,1
AANKQKQELDEISTNIRQAG,1
NHLYETPISATAMVI,1
QRASEAHASLLPFNV,1
GMILFYFIKSLGNNLLHKN,1
INGRWIILLSKFLK,1
RRNLLKYIKAPSLNGASA,1
LAAVSVDCSEYPKP,1
LFVIHLEAKVLNY,1
GGPPFTPTQKRKMAGTI,1
KLYKMAVAFMLAYPY,1
KRIAKAVNEKSCNCL,1
NGSAAPQLTKNAGVLTCILS,1
QRPGFGYGGRASDYKSAHK,1
FKRRVYKVYDFVRTH,1
LYMGVTSLSGIQLFD,1
GGVSLPEWVCTTFHTSGY,1
VVHKLNKKMKSLK,1
VAGYSYTDANK,1
IDLFKNPYDFEAIKKLIN,1
MAPSYKLTYCPVKAL,1
GRIRVLQRFDQRSRQ,1
GRRITTRRIMENGQE,1
AEERADIAESQVNKLRAK,1
SVFNVVNSSIGLIMVLSFLFLN,1
EAHVKITKLSDLKAIDDK,1
KAKRLHLSPVRLAELHSDLKIQE,1
MLVAAPLAAANAGVT,1
DWTGGALLVLYSFALMLIII,1
ALASPGSCLEEFRASPFLEC,1
MRMATPLLMRPLSMD,1
QKLFKTLQSLFADFN,1
VPRLPEQGSSSRAEDSPEG,1
EVLYLKPLAGVYRSLKKQ,1
SFYLKNVQTQETRTLTQFHF,1
ARSALILRGSVAHKSCLPACVYGP,1
RVRGGDGKMKELSPR,1
VQNRFNSAITNLGNT,1
INYNLKQHETFKRRV,1
TSTPHPSSGQVYVELQ,1
GMIKSNDGPPIL,1
LEAIRQLKLSVANSVNFA,1
KMPMYIAGYKTFDGRGAQVY,1
SRLSKVAPVIKARMMEYGTT,1
KQVHPDTGISSKAMG,1
RQFYQLDAYPSGAWYYVP,1
LLLKRSHAEDLGNLE,1
LNDITKEYEKLLNEI,1
FLSTGMVFENLAKTVLSN,1
IGYSGTGEGNHIENDPLKIK,1
WTSYGILIARKGDRI,1
ICDECHSTDATSISGIGT,1
HGTSATAAAIQLMCSDSVPC,1
LINIDKIYIKNKHKF,1
QFEIDRLAAALADAE,1
PQGPVPNTALFSLVL,1
LFDYNEKVDNLGRSG,1
QERCCNELNEFENNQRCMCE,1
NSFKPFAEYKSDYVY,1
KDAGISVSEIDHVVLV,1
KAMVIVVVNKGTGNL,1
AGAKKAGAKKAVRKVATPKK,1
ELRVVGNNLKSLEVS,1
VFFEEQEDEIIGFG,1
KAIFIKCDVTNIPEF,1
GLEWVAVISYDGGNK,1
YFLLKWLGHPNVS,1
VIPVRRRGDSRGSLLSPR,1
PDLSNNFGKLFEVKP,1
DALESIMTTKSVSFR,1
TSKGLFRAAVPSGAS,1
AELENQVHRLEQELK,1
TKKFDEVVKANGGYL,1
QGYRVSSYLPLL,1
EWQVAAENSDDTKFK,1
ITAYAWVVSLGSLPLMLL,1
SSGKNEGTNIYNNNEAFKVE,1
ASSLGGNQDTQY,1
ALQQIMENQSDRLQGRQQEQ,1
AARVTQILSSLTITQLLKRLHQWI,1
SYLQGFSRNTLEAAF,1
LPGPSPAQLFQDSGLLYLAQE,1
DIPEQKPNIPEDSEKEVPSD,1
LGNLEGVKPAVLTRSG,1
ATGFFAKKEAAEKHL,1
LKLIETHLRTIPSHAFSNL,1
ALLFLHLFNGLSTSLPL,1
PAHLLKYDTTQGRFD,1
KYKIAGGIAGGLALL,1
CLEWINKQTSLLRKNI,1
MPRARYGLVHVANNNYDPWTI,1
MDAIKKKMQAMKLEK,1
GMEVGWYRPPFSRVVHLYRNGKD,1
LMTERVFRITASMAHNR,1
ASGGTFSSFAINWVRQAPGQ,1
CAELCDPSNKPGHLL,1
LSGTSMASPHVCGLGAYLIG,1
SYVLEGTLTAEKTTLVVKEG,1
SLGWATLVGEITAGNLLHTR,1
MNYYGKQENWYSLKK,1
DSYKFIPTLVAAV,1
GAPLGGAARALAHGVRVLED,1
KAKFAGRNFRNPLAK,1
MLMRTDPFRELDRFAEQVLG,1
YIVMSDWTGGALLVLYSFAL,1
GTVGGTKYGLAKGVSLVAVK,1
RIKAFLALVECPCNK,1
TSQLAMIQNAIDEYH,1
IVDTISDFRAAIANYHYDAD,1
KGGFTFTDQNNQALSSTAV,1
CFWYIPPSLRTLEDN,1
SDKTIDGRGVKV,1
KGGKGLGKGGAKRHR,1
IAPYHFDLSGKAFGAMAKPG,1
PVCAHRETTIVSFGYSLYAG,1
FFYFFTGSSQLEFDP,1
LADAGCSGGAYDIIICDE,1
CYYETADAFKVIM,1
DILLTQSPAILSVSP,1
GHAFGAMAKKGD,1
EVKEKGMAALPRLIA,1
LWKGFSFIMFTSAGSEGTGQ,1
RCTKLEYDPRCVYDP,1
AKRLDACQDQLLE,1
IMVAFKGVWTQAFWK,1
YPFLNLLHTPPHRPP,1
VTHESYQELVKKLEALEDAV,1
LTLLRAFTEEGAIVGEI,1
WDEDGAKRIPVDVSE,1
GEGAVQWMNRLIAFASRGNHV,1
KGQPSKPFVGVLSAG,1
DYLINLKAKINDC,1
KGRVGILHGNKTYLLQNN,1
DPKELLARIQSLLRRSHKKE,1
LSGLPSGGEVLEISV,1
PQDREELLRALLLKR,1
VDVSEGDIVIYSKYG,1
YSFALMLIIIILIIFIFRRD,1
VNGSWYYLNANGAMA,1
NELLLDLSLTKVNATEPERT,1
SFIKGTYTQKLSVPD,1
LDVVCAMIEGAQG,1
YQEGVLKLSIPVAERAKPRK,1
QMCITQYERESQAY,1
RVLDGLVMTTISSSKDC,1
VAKVNIKPLEDKILV,1
VAFNMFTDNVDQ,1
ERQGVVGLFQPGLVG,1
RPFERDISNVPFS,1
ELEKYQKLNSERGVPN,1
LIYDAAVEGDLLLKL,1
MSLLTEVETPIRNEWGCRCNDSSD,1
PDSYPLFDGIFCSSSN,1
LGKVTIAQGGVLPNI,1
NLAKTVLSNLLDGNLQG,1
MKLFPLVALLVLVVG,1
LEDARRLKAIYEKKK,1
FQVAHLHAPTGSGKSTKV,1
LIPIMYLNSLRNPILHFM,1
LSANAITVVSPSCSV,1
ATEGQVRVNSIYQDK,1
AFKVAATAANAAPAN,1
LSSVVVDPSIRHFDV,1
VNDVCNFASRNDYSYWLSTPA,1
QKRAAQAARVEAACG,1
GKVSNAITTTSDGFNSMASA,1
NRMVNHFIAEFKRKH,1
PGMVQQIQSVCMECQ,1
LRHNPGGPSSAVPLLLSYFQ,1
RHRIKMGASLLQIYSA,1
ISLLDLISLKGKFSI,1
SKTSASIGSLCADARMYGVLP,1
QELKEIDESESEDYA,1
GPTHLFQPSLVLDMAKVLLD,1
FKADEKKFWGKYLYEIAR,1
GIQYLAGLSTLPGNPAIASL,1
VLILTVPLRRLILPLIFR,1
EDKKEDVGTVVGIDLGTTYS,1
FIPVENLETTMRSPVFTD,1
QDVHKKLREWLSKNV,1
YTDKLIHLTNALAKAVIH,1
RINLKALQNILNNAKSAHFKFV,1
STSVLGNVLINESFGVE,1
EQKKESKFLPFLTNIETL,1
DFDSVIDCNTCVTQTVDF,1
FAGAAGSAKSAAGTASHVSI,1
PSWGLARVGSKKPGGTTYYY,1
DENSKQKKWDPLKKE,1
AAIANYHYDADENSK,1
PSQGKGRGLSLSRFSWGAE,1
ETTMRSPVFTDNSSPPAV,1
EEAFFSFCESNNLEY,1
VNILVKQISTPKGPSLR,1
IDQIEKQAKDLAFPG,1
MSESLAIARFIARK,1
KENALSLLDKIYTSPL,1
KFWCLVIDALKRIG,1
NQELAYFYPELFRQFYQL,1
SEFEDVIPEGWKADTSYSAK,1
MSSDSAVAALSAAMTSPQKS,1
VIGMDVAASEFFRSG,1
FLTWHRYHLLRLEKD,1
WEKPFRFHPEHFLDAQGHFV,1
CDKKCIEWEKAQ,1
NENIKKLLEDIDKI,1
FGSTLLDVIQSGLEN,1
QPNLKALREKVLGLP,1
VNGENLVGDDVVLAT,1
YIIDTGIDIDHEDFQGRAKW,1
QAPGKGLEWVAVISY,1
GATRERSLWIIFSKNLNIKL,1
DPSAGKGVTAYIIDTGIDID,1
EDTGVYYCSRNYYGS,1
TSAGSEGTGQALASPGSCLE,1
AEFFRNIYANNLKLARKIFKDTL,1
ALKELPLLKFLGIFNTGLKM,1
KLLSTGLVQNFPNTIISK,1
QNLYKYIVSLANLMALEK,1
DCIRPCFWVELVRGLPR,1
SEHIWCEDFLVRSFYLKNVQ,1
KNQKKIRGILESLMCNES,1
RLFEPFQGLFEIPSY,1
GAYMSKAHGVDPNIRTGV,1
WDEDGEKRIPLDVAE,1
CHGSEPCIIHRGKPF,1
RSLESFLDCSLVLPPTD,1
CHQEEDFRVTCKDIQRIPSL,1
KQISSQLTEEWS,1
HSFYELYQSLIAMQKRSLKNQ,1
RIAHRIKGFRSLPFIIGCNP,1
AGLAYKFVVPGAATPYAGEP,1
IGMIFQHFNLLSAKNVFENVA,1
RGWKHWVYYTCCPDTPY,1
KVSFFCKNKEKKCSY,1
FFYTPMSRREVED,1
VIMGNWENHWIYWVG,1
KESWSYIVETPNPENGT,1
EGKQSLTKLAAAWGGSGSEA,1
IGNITLALGKVSNAITTTSD,1
NTGLKMFPDLTKVYSTDIFF,1
RNNHPQNTSDSQKECTDGNK,1
HHPARTAHYGSLPQKSHGR,1
TSLAGVANHLLDCFIYED,1
EKKATEAKQKVDAEE,1
ASQKRPSQRHGSKYLATAST,1
AQGYKVLVLNPSVAATLGFG,1
GINHEKYNSSQTIVSNAS,1
DVYAPGKDITSLKPGGSTDT,1
RCMCEALQQIMENQSDRLQG,1
NLDYQIGYICSGVFGDN,1
PRIVLDVASSVF,1
ATVTVANGNNRKSFN,1
EYVTLKKMREIIGWPGGSGD,1
LFVVYRDSIPHAACH,1
RASRVAEQLFRKFLKF,1
LEPGDTIIFEANGNLIA,1
LGHTVCLSGFMGIDL,1
LGFSGPLLVFEEAFF,1
QRSRQFQNLQNHRIVQIEAK,1
GPRRPPRGPPLSSSLGLALL,1
VLIGGLEWNDNTVRVSE,1
FAEYKSDYVYQPFPK,1
RRVQQEIDDVIGQVRRPEMG,1
EARPALLTSRLRFIPK,1
LKKPKDRNDLI,1
LLILRAIPKGIRDKGAK,1
PFVKRVKTWRMHLFTG,1
ARTTHYGSLPQKSQRSQ,1
DANWDQNRMKLADCAVGFGS,1
GSNPNYLAMLVKFVADDGDI,1
QDNSAKKEATPATPSKPTPS,1
TPEKEEPTAAPAEPEAPAPE,1
EIDQLEQRADNLTTIAHELQ,1
RKVVTDFFKNIPQRI,1
DQRNQELQWVEEAAH,1
IQLFDRILLLFKPPK,1
EALEILQQNKILANFV,1
IQVVLELLKALSFRKIILN,1
VWDYKIAPLLCSTHL,1
VSQIFPDSVMLAVQE,1
FTEEGAIVGEISPLPSL,1
PEHFLDAQGHFVKPEAFLPF,1
LRYQKDKKGISTSAASPAVG,1
KNPQEETLQAFDSHYDYTIC,1
NYHSGYYRPNKQHGN,1
VEKGSNPNYLAILVKYVDGD,1
IAVGLLLYCKA,1
VICTTKQYTRRCLSK,1
TTCSDKSRPLNDLVS,1
LLEQKRGRVDNYCRHNYGV,1
DCNLSGDVVFNFSKNAKISV,1
YTKVSRYVNWIEKEKT,1
LMAFTAAVTSPLTTS,1
YKIADPICTFIFSIL,1
EHRMTWDPAQPPRDLTEAFL,1
TVRTDAVNKEAL,1
KALFLGLKTANILKP,1
SLKLMATLFSTYASAD,1
RQQEQQFKRELRNLPQQCGL,1
QSIALSSLMVAQAIP,1
IFLGPEPKSVVQ,1
AKGVSLVAVKVLDCDGSGSN,1
KDCMGEAVQNTVEDLKLNTL,1
PITAKAIAASVG,1
GRETVIEYLVSFGVW,1
VQYSRADEEQQQALSSQMGF,1
RTYIKVLRKLLGSANKI,1
MALTGDATAVVLDMT,1
EGGSEGPSTSGTLKI,1
ERNTTIPTKRSETFTTADDN,1
DRNTQRQTVRYSVSE,1
GQWRGAAGTAAQAAVVRFQE,1
ALEKAASEEMDKAVA,1
SQWGWCGSTDEYCSPDHNCQ,1
YVEQVAQYKALPVVLENARI,1
KIFQDYPLQQTYAPV,1
TFGGLLGEKTRNLMG,1
QLVKDKNIDISIKYDPRKDSE,1
EKLIETYFSKNYQDYEYLINVI,1
PVQKELLRRRYLPSPAK,1
QVESTAGSLQGQWRGAAGTA,1
LLDYKLLQLFKLFENALFSLI,1
PLFSHLQNEQWVD,1
KYDFDGVNRGTRGTS,1
PRGPPLSSSLGLALLLLLLA,1
ELLVLLENERTLDFHDS,1
SHNFTLVASVIIEEA,1
LFLAILIWMYYHGQRHSDEH,1
YDVFFAVANGNELLLDLSLT,1
ENDIKFAQEGISYYEKVL,1
AKYKDDLESIKKVIKEEK,1
ALGLLALGSSLAMILGLPLGRI,1
LTDDIMCVKKILDKVGIN,1
YGSLPQKSQRSQDENPVVHFF,1
KSKYKLATSVLAGLL,1
NSGPDDQIGYYRRAT,1
VTEEAACLCAAFANHSGRPF,1
IDSFYQAFNHPLRPLLLIV,1
KLDAVYLNKNKYLTVIDKDA,1
ITREEKPAVTAAPKK,1
AGEAMVLVYYESIAYSF,1
VYYIPLEAVKFV,1
LYHVYEVNLVSEHIWCEDFL,1
KRHRKVLRDNIQGITKPAIRRLAR,1
VAVISYDGGNKYYAD,1
TKFILVLTGEERQGV,1
VCPFAGILENGAVRYTTFEY,1
QLQKNFQAISSSIAEIYNRL,1
LMEYNLLPLLLSLLSKKKTLTSSGL,1
NELNEFENNQRCMCEALQQI,1
QCPQNSGCFRHLDEREECKC,1
NEGVIVKVSKEHVEE,1
NTVYFGFDKYDITGE,1
KPTQAFVKQHLCGPHL,1
KYLTEMSRASDILSH,1
RKYDEVARKLAMVEA,1
SDPNHYKGDFTYLSV,1
VQGIIIYRAAYFGVYDTAKG,1
IFKIEKGKVTKSIELNA,1
LPISETGGGTPELRCGKHQA,1
TDVTFLKRHFHMDYG,1
DKLKQQRDTLSTQKET,1
VPPSLRTLEDNEERMSRLSK,1
SPSLWEIEFAKQLASV,1
ICFSPSLEHPIVVSGSWD,1
VSLLCRHKRKQLPEE,1
QSIIFHPPNVHPGSG,1
EQQSDLEQERLAKEKLQ,1
AKGMMHMIKKGANGS,1
EEILGPDGNTPQFEN,1
LREAAEKAKIELSSSQSTS,1
VLDCDGSGSNSGVIKGMEWA,1
TATELNNALQNLARTISEAG,1
ALLGAQPLLVLGFSG,1
EEQTQQIRLQAEIFQAR,1
PGTRINQETVSLDANGVSGS,1
RFNKRENFKNVLESDLIP,1
QVDVKDCANHEIKKVLVPGCHGSEP,1
IVTTSTNDWVVTCSYTIPTCRKMDE,1
DVLGYYKILSEKYKSDLD,1
DKTIKLWNTLAECKY,1
VSIRRYVRKNQNRYNYFLIE,1
KAMVALIDVFHQYSGREGDK,1
DSAFDVLSFTAEEKAGVYK,1
VHFFRNIVTARTP,1
KIEIKASIDGLEVDVPGIDPNACH,1
SLSVLLLISLKDRFLNNN,1
TPSYVAFTDTERLIG,1
EPMIGVNQELAYFYPELF,1
AKSTWYGKPTGAGPKDNGGA,1
QGGKGPLLSILKAFN,1
ESPVDQDPDCLFCED,1
NFSGFTKGTDIADLDAVA,1
YDQREPQAWCRPNENQSWT,1
RIMNDKKLIRMLFDTYEYVK,1
TKKIFDLTVANRTEA,1
EEPYFLISNLPYYIATR,1
KLKDILLRVLYKTYI,1
NEYLLPQTVWARF,1
NDYSYWLSIPALMPMNMAPI,1
ALLVLYSFALMLIIIILIIF,1
GIVKENIIDLTKIDRCFQ,1
RNDLITFLEQETK,1
QQEVDYIIDHVDQHN,1
SKEFIPELNKLGSLFGQGE,1
YNTLDLNGGKGGPGD,1
DEVLVEIETDKVVL,1
THPEIYLFKKLGVSLLKRI,1
SVLKDEAVWEKPFRFHPEHF,1
SHLVEALALVAGERG,1
IRGRTKFEGNKFTID,1
YTQLGRAAATLMTER,1
SASVRIRYKKMKVFCPRP,1
DDLMGSRSNFDSTLI,1
KKGAAALGIGTDSVI,1
NATAMVAQINAVNKPQTVS,1
DDQIGYYRRATRRVR,1
LEAKITMLTNGQCQNIT,1
IPTNGDVVVVSTDALMTG,1
NADMNEITERYFKLAENYY,1
DCFIYEDQIRPQDRE,1
GDPDMMRYVDKYGQL,1
KINYDSLYNLNNIGS,1
ATSLSPFYLRPPSFLR,1
ADNLTTIAHELQQYIDNLNK,1
ILSEGNSFTAPNESYKKQVTI,1
EKPVLGFVRLKEAVPLE,1
MQKYMQIVRYLTILITLI,1
RLPIVLNLVNRALAAPLNRA,1
AVLTGYSLFQKEKMVLNEGTS,1
KHLLATSPKLAKYLS,1
EEQEDEIIGFGQELKNPQEE,1
LLADLQHSINKWSVIY,1
KPVSPMRMATPLLMR,1
IVGYIMHGISTINTEMK,1
AARLFKAFILDG,1
PLKKETIPYYTKKFD,1
IRRSILPYGDSMDRI,1
DEYYIIEKMIGQVE,1
RSTMKPVQKVLEDSDLKKSD,1
VAISRYLGKQFGLSG,1
TGWVKDGDTWYYLEA,1
AAMASASLVTVAVPATANAD,1
LLNYKQEGDKCVENPNPTCN,1
KTNYQAFLNLLEIARSKKAKVI,1
KKRFMKLNINVSLPQTLSLK,1
KGTFLLGLAETSLAG,1
KKISSVQSIVPALEIA,1
MDEIPAEQVVLLKKA,1
IDYFDARLLPGVFTV,1
VMHFSLTADRGGELKIYSVIQA,1
PTFTIETTTLPQDAVSRT,1
MHWVRQAPGKGLEW,1
NENLDDLDEGIEKSSEELSEEKI,1
ENPKKYIPGTK,1
NMYAMMIARFKMFPEVKEKG,1
SVIPAARLFKAF,1
HHQRLFMVQSLERVV,1
NDIEKRVPFSHDDRL,1
AHPADPGSRPHLIRLFSRDA,1
AISGSSLAHPQRKIS,1
DEENGLDEYDEVPMPV,1
DVLQWQTIPYTTIHN,1
ELLAITTVVGNQ,1
DKDAFGGVYSGPSLLDVSQTSVTA,1
YLKTIQDKLADFKKNNNF,1
AFVFLQILNNLVTAYMLM,1
REEALHQFRSGRKPI,1
ATDYENYAIVEGCPA,1
GVFNYETETTSVIPAA,1
EKVDAAFKVAATAAN,1
VIVFLIFFDLFLVNGRDVQN,1
LSGFENEYDVIYLKPLAG,1
EIECTKLGNWSAMPSCKASCK,1
EEVRKLKARVDELER,1
AVRLSKDIAADLQGE,1
NSTYFPGKLRRVIGD,1
DIDFLIEEIERLGQDL,1
VLVMLVLLILAYRRRWRRLTV,1
LTMTASHTRLSCDCDDKFYD,1
FISEAIIHVLHSR,1
LVTRHADVIPVRRRGDSR,1
FYPELFRQFYQLDAYPSG,1
GLIGLIGPPGEQGEK,1
LEPLGLVEEGAKTAP,1
NFDMLPCYSVARIPL,1
IKEEFVKIVQKRGIVK,1
APMSTPSATSVR,1
ERITQIAKGQEQWFRVNLRT,1
RATRRVRGGDGKMKE,1
KGKDKWIELKESWGAVWRID,1
AEEYEKLQNPNQSVV,1
HVGQSASRGRGLGENPDDEE,1
TIDGRGAEVHIGNGGPCLFM,1
SEGGDEYVTKGEVVETD,1
RKVLENRSLSDEERM,1
CENIVEKYGAKIVSA,1
ELPCRISPGKNATGMEVGWY,1
NTVESEDIADYYCQQ,1
KLKVESSPSRSDYINASPIIEHDP,1
PQDLIEQLKIYAQRC,1
KYYADSVKGRFTISR,1
PGYPIRALVGDEAE,1
ENGDVKFDLIPKENTERSHK,1
YFSKAYGVPSAYIWE,1
RKSFNLDEGHALRIP,1
TITDDNEEPIAPYHFDLSGH,1
DVRIWPLDPSLLGEP,1
VGGVYLLPRRGPRLGVRATR,1
DAYYNYLNNLVLASYNR,1
KELEEIVQPIISKLYGSAGP,1
ESSVDDRPMKTVSQD,1
KPTLHGPTPLLYRLGAVQ,1
KFDSKKPKEDPGPARVIYTY,1
YHLLCLERDLQRLIG,1
SYSYNKDNNELSHFA,1
LDYLNHMAKEDLVAN,1
TNMFTYEIAPVFVLLEYVTL,1
TLVVNRLRGSLKICAVKAPG,1
FLATCINGVCWTVYHGAG,1
SIGWAYQYALSSDSKNLSDLK,1
SMATGWLQNNGSWYY,1
RHNWVNHAVPLAMKLI,1
EEYLILSARDVLAVVSK,1
YVVKSFDRSTKVIDFHYPNE,1
ITCGQVSSALAPCIPY,1
SKKLLELNRMISHIFFIS,1
SPATWTTRGFVFTRHSQTTA,1
TVYVRPIIEDYHTLT,1
GHFVKPEAFLPFSAGRRACL,1
VNNTDTNFHSDITFR,1
IINNYYMQQYQNSMDTQLGD,1
LGLLKLVAQRRNLLKYI,1
VYSLIRPNENPAHKSQL,1
LENLVVLNAASVAGAHW,1
GNLDPAGEYIISTRV,1
RSRYLTAAAVTAVLQ,1
ETQLYCGQAEGGSEG,1
ALTGGMELTRDPTVP,1
FSSWETVCDSLDDYN,1
QGDRRCQSQLERANLRPCEQ,1
GPPGPAGTAGARGAP,1
AKKLLKLLNGIKSKVN,1
AAGKLTWADFYFVAI,1
GVYRSLKKQLENNVMTFN,1
LRDYLLQNNALKASFI,1
AIYFVFLRTSKNLELVES,1
AGAFHLLMAESLRIHYA,1
PYAVAFQPLLAYAY,1
VKNVIGPFMKAVCVE,1
GLNGPDIYKGVYQFKSVEFD,1
YAVITWRALNKL,1
EVVKANGGYLAAGKL,1
RNPILHFMRLKPKGLNNI,1
YLKGSSGGPLLCPTGHAV,1
VRHRIKEHMLKKYTQTEEKF,1
AFFLDLILLIIALYLQQNWW,1
FEELIKFSFHTNVLEDNIGY,1
FNEIRRVLLEENAGGEQEER,1
IHAQQKEPMIGVNQELAY,1
EYLNKIQNSLSTEWSPCSVT,1
GRTGRGKPGIYRFVAPGE,1
TERVRLLERCIYNQEESVRFD,1
LSRFSWGAEGQRPGFGYGG,1
FLAIGFIYALKRNALSWQK,1
SWFITQRNFFSPQII,1
GIDFYTSITRARFEE,1
GLFGRKTGSVA,1
ESQITTLIVSKPERK,1
GSAGPPPTGEEDTAELHHHH,1
YVELQELMMDQRNQE,1
PKYVKQNTLKLAT,1
FGINAENNHRIFLAG,1
FLPFSAGRRACLGEPLARME,1
GKKVIAQDVIPVNWKPDTVY,1
RTEQKDFDGRSEFAYGSFVR,1
EKVDNLGRSGGDIIK,1
SVPGVNPNNAAALPGK,1
IELQCSGALSETGYA,1
AVTPSVIDNILSKIENEY,1
VIQTYTNVDQDLVGWPAP,1
DSFIADLVVGLSTGQ,1
EGSNREVRRYTARLK,1
QLTKNAGVLTCSLSKRC,1
RRPQDVKFPGGGQIVGGVY,1
GYYYPSDPNTFYAPPYS,1
TMPVYNRQVLTKKQR,1
NFHYEECSCYPDTGTVM,1
SFEYFPSHFFVPELEVTIIC,1
GATRDRPLWIIFSGNMNIKL,1
MASVEVESAATALPKNETPE,1
GIVWVATEGALNTPKDHIGT,1
KDDWENLEIDMIVDT,1
AAWGGSGSEAYQGVQQKWDA,1
EIRLKVFVLGGCRHK,1
ADVVLIASIDHIT,1
DAENPGGEVFNDNKKGLSRV,1
MEAVGAYDVIVNGDK,1
KNIIIHNINIHD,1
NENIKELLDKINEI,1
EVKPDKKNPQLQDLD,1
QQNWWTLLVDLLWLLLFLAI,1
SHCCAFKNQKKIRGILESL,1
ETQACLRKKDRRVKE,1
MNAWVAWRNRCKGTDV,1
DYSNTHSTRYV,1
AYVLLSEKKISSIQS,1
GLLAEITPDKAFQDK,1
DPHEYEVKPKDIKKLTDADV,1
SDPVLTPVQSAG,1
KSLSRHDHIHHH,1
LIYYTDFSNSSIA,1
TVNLVKRLLQNSVVE,1
TVEVVEGMQFDRGYISPYFV,1
YLYQLSPPITWPL,1
YNNNEAFKVENGSAAPQLTK,1
APEADQTTPEEKPAEPEPVA,1
QEGPEYWEEQTQRAK,1
DGNCEDIPHVNEFSAIDL,1
LAQGAYRTAVDLESLASQLT,1
LQCLDGDDAKVTFDEENG,1
TYIDPDALKELPLLKFLGIF,1
VKYAVFEAALTKA,1
FVDGKEVTSKPANKVS,1
GRFDGTVEVKEGGFE,1
PAYFKMNSPSLWKYN,1
STNKAVVSLSNGVSVLTSKVLDLK,1
GKMVAPSFTAEEKAQK,1
YTTGAVRQIFGDYKTTICGK,1
ASIDSMIDEIDFYEK,1
GKKITCECTKPDSYPLFDGI,1
RFLRLLDLAQEGLKEESGFL,1
EVKAEQVKASKE,1
YHGQRHSDEHHHDDSLPHPQ,1
LKSTQNAIDEITNKVN,1
DPNNANPNVDPNANPNV,1
ENQLKEARFLAEEAD,1
ESSPNTQWELRAFMA,1
GYYRRATRRVRGGDG,1
TSRNNPFYFPSRRFSTRYGN,1
FYMFEDFLVYKSGIY,1
KFNKKMHEHSEHFKHKFAEL,1
NKWEDKRLLYSQA,1
WYVMVTAALSYTISRMEESSVTL,1
LEEAKAKLEEAEKKA,1
CLELAEYLYNI,1
RDAVTYTEHAKRKTV,1
KREEEAKTKFNTVRA,1
MQTLWDEIMDINKRK,1
LIAFTSEHSHFSLKKGAAAL,1
TEADLKKAVNEPEKP,1
YEMVFDGKPQHTNVCFWYIP,1
STLRNLGLGKKSLEQWVTEE,1
NLARTISEAGQAMASTEGNV,1
HSWSSVAFNLFMLAL,1
DENPVVHFFKNIVTPRTPP,1
TGHMILAYMEDHLRNRDR,1
AENPRMEPRARWMEREGPEYW,1
EATQRELRATQAELQ,1
ENSYEKSMSVV,1
AVGADESVVKEAHREVINS,1
GVLIFGKQGSEKTNV,1
GISYYEKVLAKYKDDLES,1
KNFLNLFSISTMTRG,1
TRNLMGVSELLISTA,1
DSDKNPLFLDEQLIRAEFQR,1
AKEFLENYLLTDEGLEA,1
LSVPDGLKVSNSSARG,1
LYVFVVYFNGHVEAV,1
AISVTMDNILSGFENEYD,1
TEWTSSNVMEERKIKV,1
AEVSYVHVNGAK,1
SKDQFEFALTAVAEEVNAILKA,1
LENNVMTFNVNVKDILNS,1
GTLVRIAPVIGACMARQA,1
ASGFTFSNYAMHWVR,1
AVVESNGTLTLSHFGKC,1
PVYVRVFLGPKYNYY,1
DIFERIAGEASRLAH,1
ADFKKNNNFVGIADLSTD,1
LLDKAVSNVIASLTCGRRFE,1
YDSLKEKLQKTYSQY,1
LKLYQWILKQKSMASEEI,1
QAVLLPKKTESQKTK,1
NALYNYSIPRPNVTSNL,1
SFIHIYLYRNIRIQL,1
PIKDQADEAQYCQLVRQLLD,1
ELVAVRKEQQQRGRR,1
QGDAKKGANLFKTRC,1
ELIHVLHGLYGMQVSS,1
SNVASLKGFIT,1
PGEVGFAGSPGARGF,1
GTNISKEHDGECKE,1
KVIDLLLSLYLDQNE,1
AAIFLYNLSVKSGYFL,1
IFDSRGNPTVEVDLF,1
NRLTPEEIERMVNDAEKFAE,1
LLAMTLRKFKNSTYF,1
FQLMGLYGREPDLSS,1
VIYNINSTIVRSMKDLMQ,1
FLLSYGEKDFEDYRF,1
NVIIHGLYLYGCSTSVLG,1
MNPNQKIITIGSISIAI,1
KKICKMEKCSSVFNV,1
AVFEAALTKAITAMS,1
GMYPVEIWHPDPAKN,1
FKPPKYHPDVPFVKR,1
RVPFSHDDRLGFLTF,1
SKSVTVKELTLMNSPEFHLV,1
IQEVKEQRISGLLVS,1
LSPQVLAAVIFIYFAA,1
EEELENIIGQIAYRDLT,1
MPFHNIHPLTIG,1
GKLEYSYCAPEAGWQCA,1
STPASLALPFVLILT,1
TRPYRYPRVCDASLS,1
SLLLNGGCKVSNYDE,1
KPERKMIKGSGFHLDL,1
GSSQIWIDHCSL,1
AIAQRKLSALSAELE,1
PKSMLLNIFTNNLGR,1
ESVAWSASACHDGMG,1
ICKINVAVNIEPQTY,1
KNRTTIRGRTKFEGN,1
EKIEKTEEPAPEADQTTPEE,1
KTPVLEIDGKQTHQS,1
SEQKNTLLKSYKYIKESV,1
SPRWYFYYLGTGPEA,1
IPLYRNGDFFISSKD,1
GSSQHQERCCNELNEFENNQ,1
ATALPKNETPEVTKAEETKT,1
PLRLLENLKALFLGLK,1
ERYQLVSYKLVSRSG,1
SYFTNMFATWSPSKARLHLQ,1
RWRQIFNMVGFRNAV,1
KWCANPDWIHIDTTPFAGLV,1
NQNLRVAKISMPVNT,1
ALREKVLGLPAIKAW,1
GAVQNEVTLTHPITKYIM,1
LEAAFNAEFNEIRRVLLEEN,1
LLENGAIFVTSG,1
ESWGAVWRIDTPDKLTGPFT,1
TFQEIVIDYIDINKTIADML,1
RDGQLTIKAERTEQKDFDGR,1
SAGMIPAEPGEA,1
ASMAHNREELLRSLES,1
VVQSIGYKFHRHGYE,1
ASNQAAKAISDAGIFMAVAA,1
DTLEKISNEIKIVATPDG,1
TIPYYTKKFDEVVKA,1
WPSAAERFSLSP,1
VKLYRKLKREITFHGAKEIS,1
ENAYEYLKHNGLETE,1
DVMNILLQYVVKSFDRSTKV,1
LQVLKEVKAAASKVKANL,1
ADQTVEEHIGYLVKY,1
QLENDLDQVQESLLK,1
PSEKALLNLVPVQKE,1
IEQIKRYLKASVENLNDNE,1
WARMILMTHFFSVLIARDQLEQ,1
NVIYSQNSFLPRATT,1
DNQLQNGIKRVKEFL,1
TLIEGLMMAKALSLSLNLP,1
IMDINKRKYDSLK,1
ALKALNAHWSADAVY,1
LGPEAPHVDYTQLGR,1
FYKNLIWLVKKGNSYPKLSK,1
AVLLVPANKKFFVNNLVFRG,1
DGDFAIVKFTKVLLDYTGHI,1
DTKLRIMKNHQFTNC,1
DKKQRFHNIRGRWTG,1
EPGEVLVEIETDKAQMDF,1
IFSKNLNIKLNMPLYIAGNK,1
RGNNAIKWLVNFGVG,1
GCIITSLTGRDKNQVEGE,1
EALSQLTSQLQKNFQAISSS,1
QSVVNQQGEALSQLTSQLQK,1
TRINDLTDPNMLAHL,1
IRFSVRRFHPKLGDK,1
RQMVQAMRAIGTHPSSS,1
KNCFLYFKNHSKIGKIF,1
RLIQNSLTIERMVLS,1
GQEYTFYVIVTPYAK,1
KEGETLVIVETDKVNAEL,1
CWVAMTPTVATREGKLPATQLRRHI,1
SQDFVLIFSVHGLPKSVIDAG,1
VALALFLLAAHASARQQWEL,1
YLEASGAMKASQWFK,1
LVLVGRANFLEKPVL,1
FRKFSNNFEFSYLLG,1
ACNTIGGYECGGGS,1
VSYDTVKDYAYIRFSVSNGT,1
VIYVQIRFSVRRFHP,1
ENRYCVQLSQIQGLI,1
PKKGSKKAVTKAQKKDGKKRKRSR,1
DDQPRPRGDNFAVEKPEENI,1
KISQAVHAAHAEINEAGR,1
NGGYLAAGKLTWADF,1
DPSIHVLKMVAELTH,1
RYMGKGVSKAVEHIN,1
LQWLSFILSLKKRLLPLLLSL,1
VEVKIKELNYLKTIQDKL,1
AKQYNICCKFKELLD,1
KIISRCQVCMKKRH,1
ASVPAADKFKTFEAAFTSSSK,1
SSEWVLENAKNPKAILI,1
SSKRGRQTPVLYAMLDHSRS,1
AGTIAGLNVLRIINE,1
EAVLEDPYILLVSSK,1
NERAKSPAAMTAEDE,1
IMILVVAAKEVWGDEQA,1
AAPANDKFTVFEAAF,1
KVGNEYVTKGQSVQQVYYSI,1
VRALEEANTELEVKI,1
GNAEKYDKMDEPQHYGKS,1
LDVAEGDTVIYSKYG,1
SQIFRRVFSLIPVI,1
PALDSLTPANEDQKIGIEII,1
GLIRDIRRRYPYYLS,1
MKELSPRWYFYYLGT,1
KPQEEKEKITKEILNGK,1
ISEAGQAMASTEGNVTGMFA,1
VLEKLEAGFAKLAAS,1
FLAPDDQIKKNV,1
GQFRVIGPRHPIRALVGDEV,1
AAILRRHIDLLVGSATLCSALY,1
TYAPVVMKPKPQGPV,1
AIARFIARKHNMMG,1
LRRTGRIFGGLIRDI,1
TNQQRASAGQISTQPTF,1
KGGPGDEDDPLRRTG,1
NALENFKNVLVIHSLSKRSSAPG,1
MATTYEEFAAKLDRLDEEFN,1
PYGDSMDRIEKDRLQ,1
EYGTTMVSYQPLGDK,1
CVDTRSGNCYLDIRP,1
CMGLIYNRMGAVTTESA,1
VNKIKHQEVLKLLSLQFEKS,1
LVFILIFLESQITTL,1
SYEIEMFYDGSRIMI,1
QMTFLRLLSASAHQN,1
KAERADLIAYLKQATAK,1
IEKLVLARALKLVLAV,1
KASGPGAAAQIQEVK,1
LNTATTKLAEASQAA,1
SAINHALDVADKYDVQ,1
CHHLDKSIKEDVQFADSRI,1
FGAMAKKGDEQK,1
NPDTKEKINEKIITD,1
NVTSIHSLLDEGKQSLTKLA,1
FNNFTVSFWLRVPKVSASHLE,1
DKFTVFEAAFNDAIK,1
CKDDINSYECWCPFG,1
RSAIVHLFEWKFADI,1
ENLPYLVAYQATVCARAQAP,1
SQKDLLEQKRGRVDNYCR,1
MAQVEEVRVFEGTE,1
LTLMNVKNIIIH,1
TSVQGYAFNGTKLDAVYLNKNKYL,1
QAPLKFHFGLNLKLYQWIL,1
DVFVIREPFISCSHLE,1
KGTGNKNKITITNDQNRLTP,1
EICPAVKRDVDLFLTGTPDE,1
IEAAASAIQGNVTSIHSLLD,1
VIVELIPSTSSAV,1
VETYVLSIVPSGPLKAE,1
KSMKVTVAFNQFGPNAGQRM,1
QFYYFYQQIYARYML,1
PAEDVSLMASIDSMI,1
NVLESDLIPYKDLTSSNY,1
PNANPNANPNANPNANP,1
QTHQSVAISRYLGKQ,1
RLFGAEVGWLALHHN,1
YSKYGGTEIKYNGEE,1
LTTAEVVVTEIPKEEKDPGM,1
PPAYRPPNAPILSTL,1
EHVEELTKHAKSVSK,1
QLVEKDKALSNAEGE,1
KEFANVVRVVRHTSK,1
RIPLAVLFGIFLYMGV,1
CLAVLWVVKSTPAS,1
HGRGTCNYYSNSYSFWLASL,1
SGKVVEENPKAIKSGDS,1
FKNTEISFKLGQEFEETTADNRKTK,1
MEERKIKVYLPRMKME,1
TGSQDFFVRSIG,1
KQKVAGPLCVRMDQAIM,1
ECLPQHAMFGNDTITCTTHGN,1
LVVYGGLNAINTALLPSE,1
GTVVAVGPGRWDEDG,1
SNEILRLKGLMNSILAQNSGQSLEQ,1
ITGEYVQILDAHAAY,1
EISTNIRQAGVQYSRADEEQ,1
KHKLKKSELKELINNELSHFLE,1
QKESHFVSARPQSQSQSPSS,1
EREDERTLTKEYEDIVLK,1
FMLQILDFYTKVYE,1
DKDLLENGAIFV,1
VSAERDPENIDWATD,1
FAAQKAKANKAVD,1
LGTWTYDGSVVAINPES,1
NAGVTVTPLLLGYTF,1
FEAQKARANKAVD,1
VNGRTVCNDRNRPTAIKIDY,1
YTEPRSVTPEERSVFQPMIL,1
HLDEREECKCLLNYKQEGDK,1
LLFWLYIVMSDWTGGALLVL,1
NKEKRDKFLSSYNYIKDS,1
DTPYLDITYHFVMQRLPL,1
GSILKISNKYHTKGDH,1
IGTGDDCIAIGTGSSNITIK,1
EKFPSSPPTTPPSPAKTD,1
DTANWSWPDGAELPFTI,1
TLERQVYELNKIQDKLPEKL,1
DWVSLWKGFSF,1
VLGGGVALLRVIPALDSLTPANED,1
FAGHGKAYLHGSFDK,1
HPVAINASSELHLLG,1
TKRIKVAASTLRTYI,1
KCIEWEKAQHGA,1
PLGGGSQTWEGSGVLPCVGT,1
ISEIRDQSSTSSTWAVSSAS,1
GSCTQRASEAHASLL,1
ASINKFVVLISATLVLSFAI,1
RDMVRRCNNVGIRIY,1
GWYTYMLLPAALTGL,1
NDKSDRNIPYSPLPPKVLDN,1
SEIWRDIDFAHEAPA,1
IIKMMESARPEEVSFQG,1
TSQDGNNHQFT,1
MWPFLRSSVRLISILSADLFNT,1
CIIHRGKPFQLEAVFEANQNTKTA,1
VNNLARTTPDRQAAC,1
SWYYLNSNGAMATGW,1
GRTILKENIKYEVAIFVH,1
SLSYEPALLEPYLFHEFGS,1
HWFVTQRNFYEPQII,1
LQTLALWSRMD,1
HRSGSTIGKAFEATVRGAKR,1
AKEASSYDYILGWEFGGGVPEHKKEEN,1
PPKPKDTLMISRTPE,1
GIFNTGLKMFPDLTKVYST,1
TAALGCLVKDYFPEP,1
SPPRVVTAATAPVGSPTAAA,1
MLSHLYVSSKDKENISKENDDVLDEKEEEAEETEEEELEEK,1
TFVHIPLVQAKLRNP,1
LYFGGVVTLCFGLSLNHGVLVVGFNRQAKP,1
MNKKKMILTSLASVAILGA,1
LAEIETDKATIGFEVQ,1
MPQLDTSTWFITIISSMITL,1
LYRYIAGLAGTKDIR,1
EEPIAPYHFDLSGHAFGAMA,1
VLRIVNEPTAAALAY,1
EQYNLEMAKKSGDILERDLKKEEARVKKIEV,1
LQDVYKIGGIGTVPVGRVET,1
VRKLKARVDELERIR,1
LLEQNIDAYKTFP,1
KDLDAFRHYDGRTIIQRDNGYQPNYHAVNIV,1
YNYEFALESIKLLIKKLDELAKKVKAVNPDEYY,1
MYKHLFFLDSKTLDRLTP,1
LIHKVHLAKSSGSAL,1
DHQLDPAFRANTANPDWDFNPNKDTWP,1
DSQEELWMFVRKKLM,1
KEQFFQFLQHLSADYPKQVQTVYEFLGWVADK,1
EECFLQGFNLSGKKE,1
SAERPLVYISSVAYGRQ,1
YKLVVVGAGGVGKSA,1
PPNPPNPPNPDIPERKPNIP,1
PTTTEQPDDKFECPSRFGYFADPKDPHKFYICSN,1
ISIKYDPRKDSEVFAGGGSENKRTGALGNLKN,1
DRYFYNQEESVRFD,1
LTAGGPLPHGSWSWSGTPPEVQTTGGSQIS,1
DGVRGVLDRLMQRKDLDIFEQYNLEMAKKSG,1
GDSMDRIEKDRLQGM,1
YPNELLQEYNWELADQPQNL,1
DAEFRHDSGYEVHHQKLVFFAEDVGSNKGAIIGLMVGGVVIA,1
TVNGTTRTVNPLGFFKKEALPK,1
VRNSWDTNWGDNGYGYFAANIDIMMIEEYPYVVIL,1
HVSAKDKNSGKEQKITIK,1
AAEEYGYLVTDEKPLS,1
EVCVRQLKAIANKKWFKTNAPNGVDEKIRI,1
QPENLEYRIMLSVHGSQHSG,1
FESLEVHLRRANNINLPFGG,1
VDIELVTTTVSNMAEVRSYC,1
GQVELGGGTPIESHQ,1
YGKDVKDLFDYAQE,1
TVFEAAFNKAIK,1
GSENKRTGALGNLKNGGLTAELKIYSVIQAEINKHL,1
AVVFNFLNSMLALMAIFI,1
VEPKVKSKKREAVAGRGRGRGRGRGRGRGRGRGGPRR,1
VAAIEKSETFDPMKVPDHSDKFERHIGIIDL,1
KVCEFQFCNDPFLGVYYHK,1
TFGLQAELTEG,1
LGIIEVLIPSLPKKI,1
KALPVVLENARILKNCVDAKMTEEDKE,1
FSGTVFLANTNLILH,1
LKPFERDISTEIYQAGSTPCNGVEGFNCYFPLQ,1
MSLLTEVETPTRSEWECRCSDSSD,1
VCGERGFFEELVARSE,1
SVFLFPPKPKDTLMI,1
SVVTVPSSSLGTQTY,1
RGPVNYHFSNYMNLD,1
GAGSGKTQTMAARIAYLLQS,1
SLQKRGIVEELVARSE,1
ILLNKHIDAYKTFPP,1
VNLYLQASYTYLSLG,1
LGKGIHQIFGAAFKSLFGGM,1
PSLRTLEDNEERMSRLSKVA,1
LLGDFFRKSKEKIGKEFKRIVQRIKDFLRNLVPRTES,1
VGATYYFNKNMSTYVDYKIN,1
AAFKSLFGGMSWFSQILIGT,1
LYYLTMNNKHWLVHKEWFHD,1
LLEFYLAMPFATP,1
ARGGLVDEKALARALKEGRIRGAAL,1
LHLSEQYKELEKTKSKELKEQILRELTIGENFMKGAL,1
AAAAVRPLWVRMEAA,1
SGSSSPTHAKSAHV,1
NFSQILPDPSKPSKR,1
TAHFTTSIPLKGNVRNLS,1
QRAALLAGCTLLQQGHRGMQ,1
NQDFTNRINKLKNS,1
GSKYLATASTMDHARHGFLPRHRDTGILDSIGRFFGGDRG,1
APQIVRGASEDVRKQPYNLTIAWFRMGG,1
TSQASDDATAGATTTQAPVEAPEPPH,1
NHHNMLLSLSTSGVL,1
QIYPPNANKIREALAQTHSAIAHYWT,1
QHQVDNLKKLLAGADPDD,1
VTEKDVELLHEIEAHYHTQIDELPVDFAAY,1
GQVELGGGGIVEQCC,1
LERIRRSILPYGDSM,1
PARMQYEKITAHSMEQLK,1
TRREAEDLQVGQVELG,1
GTASFFFLYGALLLAYGFYTTGAVRQIFGDYK,1
IRCIGVSNRDFVEGMSGGTW,1
ERMSRLSKVAPVIKA,1
FEATVRGAKRMAVLGDTAWD,1
NSLGKNTDDVVAVA,1
IEKDRLQGMAPAAGA,1
ATESAYLAYRNQSLDLAEQELVDCASQHGCHGDTIPRGIEYIQ,1
GNGRWMLTLAKNMEVRAIFTGYYGKGKPVPTQG,1
PDEVRRMMAEIDTDGDGFISFDEFTDFARANRGLVKDVSKIF,1
FGISNYCQIYPPNANKIREALAQPQRYCR,1
ATRLFPDFFTRVALY,1
VELSLEVSEEGNMTLTSFEVRQFANV,1
KAEQVKASKEMG,1
EKVPESKVIFDANAPVAVRSKVPDSEF,1
KGRGSRGQHQAHSLERVCHCLGCWLGHPDKFV,1
LDKIGLHSDSQEELW,1
WNRKRISNCVADYSVLYNS,1
EGEQNDKSTEAAEEA,1
SLPQKSHGRTQDENPVVHF,1
PVIKARMMEYGTTMV,1
QYAGTDGPCKVPAQMAVDMQ,1
FIVGDKKEDEWRMAFDRLMMEELETKIDQVEKGL,1
VNFKQIYYTVSVDAVKNP,1
WLVHKEWFHDIPLPWHAGAD,1
LLECCARCLVGAPFASLVATGLCFFGVALFC,1
AAGKATTEEQKLIEDINVGFKAAVAAAASVPAA,1
NVVVTVKVMGDDGVLACAIATHAKIRD,1
DYQNEFDFLLMERIHEQIKKGELALFYLQ,1
VPAQMAVDMQTLTPVGRLIT,1
CDSTLRLCVQSTHVDIRTLE,1
HGEGTFTSDLSKQMEEEAVRLFIEWLKNGGPSSGAPPPS,1
AAFVGAAATLVSLLTFMIAATYNFAVLKLMGR,1
PSDQHIEKYLQKIRNSLSTEWS,1
QNLSLADVTEEAGL,1
AAEDTPQDIADRERIFKRFDTNGDGKISSSELGDALKTLGSVTP,1
NCTFEYVSQPFLMDL,1
GRTIIQRDNGYQPNYHAVNIVGYSNAQGVDYWI,1
LSSEAKAFILSQPRRPALSF,1
FGVALFCGCEVEALTGTEKLIETYFSKNYQD,1
GYYWSWIRQPPGKGEEWIG,1
MMIARFKMFPEVKEKGMAAL,1
SNVGVCSRVGVARLWFRVCQ,1
GQVELGGGPGAGSLQ,1
KPYPASCCKSG,1
FLLLLSSSMVEAGAGTGWTV,1
TFGLQLALTEG,1
HYMKCPLVKGQQYDIKYTWNVPKIAPKSE,1
NGNCKYAGGSLPNVRGDLQVLAQKAARPLP,1
YPTFGEHLQANDLDY,1
NEKYAQAYPNVS,1
GDTPAIIRQPGGFTIIDADN,1
KIAPQDQDSFLDDQPGVRPIPSFDDMPLHQ,1
MSFWLLPPSFLLLLSSSMVE,1
RQIRMAKLLGRDPEQS,1
VGYSNAQGVDYWIVRNSWDTNWGDNGYGYFAANI,1
LQSSGLYSLSSVVTV,1
WLSIISMATLESSLK,1
HLVERLYLVAGEEG,1
KGRLSSGHLKCRLKMDKLRL,1
TAIFQDTVRAEMTKVLAPAFKKELERNNQ,1
MDCEAGFIALTARCVHSLVV,1
EVGELSRGKLYSLGNGRWMLTLAKNMEVRAI,1
HLVEALYLEELVARSE,1
FSLVNSAPEGLLFFHTVLLPTEWEEVTA,1
SVLTVLHQDWLNGKE,1
MANDNDDDPTTTVHPTTTEQPDDKFECPSRFG,1
ERRAKEKLQEQQRDLEQRKADTKKKPIVQYDNF,1
WSGICVNDTYAYVLKDFDHSIFSYNGTY,1
GPGGENPESFYRAFSWEILE,1
LYSLSSVVTVPSSSL,1
MDNNRSLDLDSIIAEVKAQYEDIANRSRAEAE,1
MKGALKFFEMEAKRTDLNMFERYNYEFAL,1
VHMNDNVLHSAFEVG,1
VTVSWNSGALTSGVH,1
ADVAARLRILYGGSV,1
YISSVAYGRQVYLKLETTSKSDEV,1
IGRFFGGDRGAPKRGSGKDSHHPARTAHY,1
ILMQYIKANSKFIGIPMGLPQSIALSSLMVAQ,1
HNGVVQESYYRYVAREQSCRRPNAQRFGISN,1
LMKLYSFLLNDSPLN,1
DPIHYDKITEEINKAVDEAVAAIEKSETFD,1
YFSKNYQDYEYLINVIHAFQYVIYGTASFFFL,1
ISIKYDPRKDSEVFAGGLTAELKIYSVIQAEINKHL,1
VGGNYNYLYRLFRKSNLKP,1
LQYMRADQAAGGLR,1
QLLDRGATALVLQVLNVPRLMTQD,1
NFISGIQYLAGLSTLPGNPA,1
VVIERKKRSLSTNTSDIS,1
DTPQDIADRERGGSFDTNGDGKISSGGSTDGDGFISFDEFTDFARANRGLVKDV,1
NKIQDKVTIDGY,1
LTAHGRNASDP,1
LNKNKYLTVIDKDAFG,1
EEQYNSTYRVVSVLTVLHQDW,1
EEVQRDVSIMPYKIIGADNGDAWLDVKGQKMAPPQISAEVLKK,1
CQCLVRTPEVDDEAL,1
MQWNSTAFHQTLQDPRVRGLYLPAGGSS,1
MAKLTKELKTTLPE,1
KISLPVILMDETLKFVARNY,1
NGSISLMCLALGGVLIFLST,1
TFGLALELTEG,1
NNYKTTPPVLDSDGS,1
YFPEPVTVSWNSGAL,1
KSLLTEVETPIRNEWGSRSNDSSDC,1
LAKEWQALCAYQAEPNTCATAQGEGNIK,1
DCVMATGLYHCKPLVDILILPGYVQA,1
LAMNYDKKKLLTHQGESI,1
SAWLFRMWYIFDHNYLKPL,1
KVCGSNLLSICKTAEFQMTFHLFIAAFVGAAA,1
SWFSQILIGTLLMWLGLNTK,1
GVGSPYVSRLLGICL,1
NFGDQELIRQGTDYKHWPQ,1
AALALLLLDRLNQLE,1
PAFGANSNNPDWDFNPNKDHWPEANQV,1
PEGFPFKYVKDRVDEVDHTNFKYNYSVIEGGPIGDTLEKISNEIK,1
TPPVLDSDGSFFLYS,1
GYFADPKDPHKFYICSNWEAVHKDCPGNTRWNEDEETCT,1
REQSCRRPNAQRFGISNYCQIYPPNVNKIREALAQTH,1
MEGVLIPAGFIKVTILEP,1
MDIDPYKEFGATVELLSFLPSDFFPSVRDLLDTASAL,1
CGDELEAETQNVYAAPNANPYSLFQKEKMVLPNANPPANKKNAGC,1
TVIISKKGDIITIRTESTFKNTEISF,1
MAAITSWITDSGCKD,1
HAQQQAGSADASANNAKDDDVVDAEFEEVKDKK,1
PEHKKEENMLSHLYVSSKDKENISKEND,1
NNSYECDIPIGAGICASYQ,1
PRIGGQRELKKITE,1
YMKALGGVGLATRKLGNLAKPTVIIS,1
KKGELALFYLQEQINHFEEKPTKEMKDKIVAEMDTI,1
DLPVLQLTDPPGVRRVYHIQAGLPDPFQPPS,1
FVNQHLCGSHLVEALYLVCGERGFFYTPKA,1
ELEKYQQLDSERGVPN,1
SLFFSAQPFEITAST,1
SDKWYYVNSNGAMATGWL,1
TKGDSYYKMMKSNIETVHGS,1
GAGSLQPLALEGSLQKRGIV,1
ILAIAIYESRILKRK,1
MVNKDVKQTTKKVLLQSTWFLKKFHPFDVTKI,1
ILGDIGILTNATVFT,1
SLEHPIVVSGSWDNT,1
TFPAVLQSSGLYSLS,1
YKKDTKESVTQVWN,1
DEMLSQGFADQIYEIFRFLPKDIQVALFSA,1
GQVELGGGNAVEVLK,1
RSILPYGDSMDRIEK,1
NSPGPHDVALDQ,1
RMVLPEYELLYE,1
ELYENKPRRPYIL,1
SRWSSPDNVKPIYIV,1
SWIQSIPFVHLGHRD,1
TALKKAITAMSEAQK,1
TDDNGPQDPDNTDDNGPHDP,1
TEEDKENALSLLDKIYT,1
TEEQKLIEKINAGFK,1
TNLSDALLQVRKHLNDRINR,1
TNLTDALLEVRKHLNDRINR,1
TPTNASHIQSAVVCG,1
VPPADKYKTFEAAFT,1
WLDAKSTWYGKPTAA,1
WSKDIYNYMEPYVSK,1
YASGKVWGQKYFKGN,1
YFKGNFERLAITKGK,1
YVYEPFPKEVWEQIF,1
DDQPRPRGDNSSVQKPEENI,1
AATGAATAATGGYKV,1
EGTKVTFHVEKGSNP,1
EIKIVATPDGGS,1
ADLGYGPATPAAPAA,1
ELQVIEKVDAAFKVA,1
FEAMYLGTCQTLTPM,1
FKVAATAAATAPADD,1
GLSGEPKGGAESSSK,1
GTLHDKKSMGDDHFW,1
GYTPATPAAPAGAEP,1
HDKDVVVLTSSRLSNR,1
IPTAFSIGKTYKPEE,1
ISATPEWATPFPHRK,1
IYKASPTLAFPAGVC,1
KAFAEGLSGEPKGGA,1
KEDFLRCLVKEIPPR,1
KFIPALEAAVKQAYA,1
KIDAAFKVAATAAAT,1
KLRSAGELELQFRRV,1
KPAAAATATATSAVG,1
KVPPGPNITATYGDK,1
LDEGKQSLTKLAAAWG,1
LIEKINAGFKAALAA,1
LTKVNATEPERTAMKKI,1
LVDANGTLHDKKSMG,1
MATGWAKVNGSWYYL,1
MGKATTEEQKLIEDV,1
NAGFKAALAAAAGVP,1
NASHCNEMSWIQSIP,1
NDKSDRYIPYSPLAPKVLDN,1
NDKSDRYIPYSPLPPNVLDN,1
NGDGDVVAVDIKEKG,1
NGPQDPDNTDDNGPQDPDNT,1
NYLALLVKYVNGDGD,1
PDNTDDNGPQDPDNTDDNGP,1
PGPVGPPGSNGPVGE,1
PKGGAESSSKAALTS,1
PNITATYGDKWLDAK,1
PPNPPNPPNPDIPQQEPNIP,1
PQDPDNTDDNGPHDPLPHSP,1
PSDQHIEKYLKTIQNSLSTEWS,1
QAYAATVAAAPQVKY,1
QKSQRSQEENPV,1
QKSQRSQKENPV,1
QKSQRSQNENPV,1
QKSQRSQYENPV,1
SHIQSAVVCGRRHGV,1
GNIEGQWALKNHSLVSLSEQVLVSCDNIDD,1
GWYRSPFSRVVH,1
IPAARLFKAFIL,1
AMKLEKDNAMDRADT,1
NFIRMVISNPAAT,1
NYETETTSVIPAARL,1
PQTQQPQQPFPQPQ,1
ASQKRPSQRSK,1
ASQYRPSQRHG,1
QLQPFPQPELPYPQPQS,1
RAVESYLLAHSDAYN,1
SGIPYVISYLHPGNTVMHVD,1
SHLVEALYLVCGGEG,1
SNKYHTKGDHEV,1
AVQNTVEDLKLNTLGR,1
TEDQAMEDIKQMEAESIS,1
YFYYLGTGPEASL,1
YRSLQPEEFAVVDLS,1
EPGHLAPTGMFVAGA,1
LQLQPFPQPQLPYPQ,1
ATGWLQYNGSWYYLN,1
APTGMFVAGAKYMVI,1
KTLEAAFTVSSKRNL,1
VVDLSKMRAVWVDGK,1
TANVPPADKYKTLEA,1
RDVDLFLTGTPDEYVEQ,1
YTTEGGTKTEAEDVI,1
YHFDLSGIAFGSMAK,1
YNYMEPYVSKNPRQA,1
EPERTAMKKIQDCYVEN,1
GGGGESFGIVVAWQV,1
IVPPADKYRTFVATF,1
ADGSSWEGVGVVPDV,1
ASQYRPSQRSK,1
KNIVTPRTPPPSQGKGRGL,1
PNSVEQKHIQKEDVPSER,1
FEAQKAKANRAVD,1
DITVKNCVLKKSTNG,0
KTSEADLIFYNGINL,0
MAKDIKFDIEARDKL,0
MILHPDVQRRVQQEIDDVIG,0
LTKKGNVWEVKSSKP,0
AVVCGRRHGVRIRVR,0
WRVYRDAVSQAGTWS,0
KLEEVAGKYNLQVRG,0
EKLHWDVVPMSQQPF,0
NFRFMSKGGMRNVFD,0
TSTGVTISNNLFFNHHKVML,0
ERLRRGMFALLPMDRFMVGI,0
HEVQRFGDIVPLGVTHMTSR,0
AEDGKYIDYRARQTR,0
DLLGIPHIPVSGRKY,0
KEEPVNIEAEPPFGE,0
YPDDTKPTFHVEKGSNPNYL,0
GWGYLQEGSYSLPSELQRVD,0
VDCRPFNGGESKLKA,0
LAILPLDDLKALFNE,0
GASILTYKTSKLYKM,0
YKVYDFVRTHLYPHV,0
AFYQIWKRVQHYFNK,0
ISLEVLKNYQLDSEL,0
REQRRFSVSTLRNLGLGKKS,0
MGSEVYHHLKNVIKG,0
LANEDCFRHESLVPN,0
MNITGSINLMFSQMY,0
EVIPTAFKIGKTYTP,0
ERAETGESKIVELEE,0
MDRPRTPPPSYSE,0
GGSAVANIDMLRLSE,0
PLMSSKFPELGMNPS,0
DTDQEFLDTKWFLDE,0
LNQGSDYVRGKMIEY,0
VPYSDGSCTQRASEA,0
GEFSIQTDAKTDVPM,0
SGEYWIDPNQGSVED,0
ELQRVPLYKLVHVFI,0
TTIHNVPDFETVYMD,0
QIVTTNVRLKQQWVDYNLKW,0
WFLDEFKVLQLFTGL,0
SGLENHDSGVGIYAP,0
FLFVENDVIQKAYDY,0
GDTMAEVELREHGSD,0
NCKLKINHIGHTGYL,0
GATVAVDCRPFNGGE,0
AGTAVSNWWDNGDKQ,0
PYPDYHWLRTVKTTK,0
FNTYFRYMYPTWFNY,0
YEDAKSPLTASKLTY,0
ELREAFRLYDKEGNG,0
RNNENRSYNRKHNNTPKHPE,0
TYSAHHIVQNDAFYT,0
TEQPVTFRPRRQLFQ,0
MEHDLERGPPGPRRPPRGPP,0
VNTSLVLAFSEVIHQ,0
ASILGLQNMAGCPVY,0
LWEINMIKAIISQLQ,0
NGPELQDDLFVGAAL,0
NTQYAGITKIGNQNF,0
AASGAATVAAGGYKV,0
ILPNTLVLDFCDDAL,0
ENVKMEDVGYPIIID,0
NYVSTVTVSPDGSLCASGGKD,0
LAYPYGYPRVMSSFS,0
ATPPGSVTVSHPNIEEVA,0
NPRQAYANYRDIDLG,0
QDTGIQIVRRSLEEP,0
MADEQLQLPPEQISV,0
IKWLVNFGVGWGYIP,0
PTIGVGGNFAGGGFG,0
MAVHQYTVALFLAVA,0
ATESYTIDVNFYCVP,0
YDAVKGMNDGIAELI,0
DVPRHGEQFYYFNQQ,0
KVAATLHTATGSDIT,0
NGTSFAIQYGSGSLS,0
IDTDINFANDVLGYYKIL,0
VRKIKATQNEQTCVP,0
NYLVGNAQFKYTNGE,0
NAAYNAADHAAPEDK,0
AVVGISRSFGMPFHF,0
VEEILRLMGQPFNRR,0
SPKARSERPAIVPPA,0
GSATLNVDVPKLGRK,0
PWLGFEAEYNQVKGD,0
GRLITANPVVTKKEE,0
FSNMDIKGKNALVTG,0
FLDTELVYPTSLGFP,0
RLVVLATATPPGSVTVSH,0
VCNKDLRPICGTDG,0
DDKGFINTAKLIQLL,0
GYGCARKGYPGVYTRVGNFV,0
VPRRGPRGGPGRSYA,0
TFTVEKGSNEKHLAV,0
NFLQTNGLNAIEFLN,0
DALVAKAQEVS,0
PGPINFTQLLTLFAG,0
FNPVCGTDGVTYDN,0
VSSMTDLWEAFHTIY,0
LLDFLAMHLWRAVVR,0
VKPLYIITPTNVSHI,0
KTFHLDVEASYEKHK,0
QSYETKLLFDLFYYA,0
DNNGNRHVPNSEDRETRPHG,0
ANFDASSGLTTEQPV,0
SVTIKLDGNLLSSND,0
DKGVDVDHIIELIHQ,0
QVAFSYFPPPAAKED,0
IAKVPPGPNITAEYGDKWLD,0
IVAGGGVALVRAINS,0
MLVLLVAVLVTAVYAFVHA,0
LEANGLNAIDFLNGI,0
VDDAKSFIDASNVAI,0
AGALEVHAVKPVTEE,0
DPDKDVDIMVRDGQLTIKAE,0
EPVSLTLALLLGGL,0
MDALENQLKEARFMA,0
AKKAVEDAQKALDDA,0
TPFAENTNSVTNIEL,0
VAWQVKLLPVPPTVT,0
QSPMTSDDKCMTQQP,0
GSDPKKLVLDIKYTR,0
PTGFQGLPGPPGPPG,0
LKVAAIKAPGFGDRR,0
AGVLWVCATGMARQV,0
AATGIGLEYVKQLLE,0
MVVERLGDYLVEQGM,0
HDYEGLSYRSLQPET,0
GKVMVLCNRAFNPV,0
LDVIQSGLENHDSGV,0
PGLGNLLHVDFQNTPYCFDQ,0
QTCLPAGDYCDVISG,0
RNLRASANPSKEKQK,0
CAMGLPAYFKMNSPS,0
PISVTAPPPQLPRPP,0
DVFIFHKKYEEVEQH,0
DALTLRTATNIWIDHNSFSN,0
LDSELRIKAFLALVE,0
QYIYSKVNNLNTDHG,0
AIRSPEFQSIVETLK,0
VVVHITDDNEEPIAA,0
AKPDGKTDCTKEVEE,0
RNEVVNDVSTYASGK,0
ASYFKSNCPDAYSYA,0
QPCNGVTMNDVKIEY,0
ITHAAELQRVPLYKL,0
EMLAAERPRGVFNRQLVLGE,0
AIKAGTGGAYESYKF,0
GVKAKAGDCPYQISLQSSSH,0
SLVPNLDYERFRGSW,0
SSSSSLLAMAVLAAL,0
INKWQVVAPQLPADL,0
LKNYQLDSELRIKAF,0
GIYAPDAEAYTVFAD,0
EHNPRKVIDLLLSLY,0
MIRIIAQGPKATFEA,0
NYVALQTDVLQENQKILANA,0
LGSVVPYTEDWPSSVSNWIE,0
FKVKYDTDQEFLDTK,0
EIDGKQTHQSVAISR,0
EDYEKSKKDYEELL,0
KLDSGLVYNPQLFDA,0
SGHAFGAMAKKGDEQ,0
WSKVVIAYEPVWAIG,0
IQEFLKTYKKPTNFN,0
YPTFGEHKQEKDLEY,0
LLLKVNQIGTVTESI,0
MLDEIIAEVDADGSG,0
ITKNIAGDKIDLHSI,0
MSSFSFDNSDQGPPQ,0
GYITTNVLREILKEL,0
FNWENKTMGFGRSVE,0
IYECKGVTVKDVTIT,0
NGFDLDENPENPPNPPNPPN,0
KSIENNQLKCRLTDDGVLML,0
AKLAEASQAADESER,0
EDVGYPIIIDQKYCP,0
ILDIPQKFNMEYFKV,0
CGGTGKNTIVIPKGD,0
LQIAINVNGVVRGTL,0
YQQIYARYMLERYSN,0
SHATSLVNGSSNYLL,0
LADKTYLTRQRDLLK,0
NYYTGDYHPSYYYGY,0
AMQVQARLNYVALQTDVLQE,0
GSAVVGLSMAASSAL,0
NYNCKILPNTLVLDF,0
AVWVDGKARTAWVDS,0
IKKGKKYEKTKDNNF,0
GDGFIDFNEFISFCN,0
RIQLLEEDLERSEER,0
YPLYENYIKGIDYLG,0
VSNYQDPSNVRNCEL,0
ARATYNADEEFWNYT,0
VIATLLVASCLGAAT,0
QEKLISVAGLAVHSG,0
FVAAAKYMVIQGEPG,0
GVTVKDVTITAPGDS,0
TVTGRCEALYEVDHL,0
FEAIKKLINDDTKKDMLG,0
GIGDVDLVNYFEVGATYYFN,0
FYCVPLGPAANHYMK,0
KSSKPLVGPFNFRFM,0
KGDEQKLRSAGELEL,0
EMLGTRLDQDMLDEI,0
TYIFPVNYTVHTPEQ,0
ADKDGEGLSTQCECNIK,0
QVLAIAADYLANDAE,0
KEPSYQVGSFIVSYL,0
SRNRNGKRVVLPVEI,0
LVSHQMRLSQVIKLA,0
IHIGDSSKVTITDTT,0
PRLLYAKSSPAYPSV,0
SNDMPEIQPFTYTKP,0
GVWTFDSEEPLQGPF,0
IFGGSDWKYVDGEFT,0
ISGDLKTQIDQVESTAGSLQ,0
ASVRIKVPKLAADKK,0
AEVDEFLEKLSLLLN,0
AAGAATTAAGAASGA,0
EWVAMTKGEGGVWTF,0
ASDLNRVHVDINYNL,0
TGILYKARLSLDRNE,0
NIACLLHNKYDSTKS,0
FFHTVLLPTEWEEVTAWSGIC,0
FSLVLMAGTFLLAMTLRKFK,0
LFDPIIEDYHGGFKK,0
SSRGSRKAQRKGSNV,0
KYLYRPFANQDAGAK,0
ISTNMVEEILRLMGQ,0
ISTRVRCGRSMQGYP,0
QTDAKTDVPMSLENF,0
KEPLKECGGILQAYD,0
KCHLTNIACLLHNKY,0
ENVKNVIGPFMKAVCVEVEK,0
LGFPFDRPIHSYDFV,0
MFYDGSRIMIQASNM,0
FRGSWIIAAGTSEAL,0
SSFAEFSQSYSIPETVDPLT,0
YLGKQFGLSGKDDWE,0
RIDTPEVLKGPFTVR,0
RALEAVIIDLRKQSR,0
RLDDDMLQEIIAEVD,0
VHVFINTQYAGITKI,0
FERLAITKGKVDPTD,0
IIPLFTDRDYDVLQW,0
QYPSGEGSFQPSQENPQA,0
SLACPQQAGSYIKVVSTSRD,0
YWLCAAFGPSIKIWD,0
LFFNHHKVMLLGHDDAYSDD,0
PQAQGSVQPQQLPQFEEIRN,0
AQEGLKEESGFLREVLNAVP,0
STQEATGRAVSTAHPPSGKR,0
STDHPKYSDMIVAAIQAEKNR,0
AVIRGKKGAGGITIK,0
VVVASQECVGGACVC,0
ETIHKIVLNPEIYNK,0
LKSDEFETIVVTVDS,0
YDEPMTPGQCNMVVE,0
KHCLQMASNTMPYQI,0
FNPCLTEAQYKEMED,0
FDFGLRPSIAYTKSKAKDVE,0
DYVRGKMIEYLNHLV,0
DCISIGPGSTGLNIT,0
RVYCDPCRAGFETNV,0
LEDPIENLGAQMVKE,0
LDAAYSVAYKAAVGA,0
QDHWDAWTAMTAATP,0
MRLSQVIKLADTSSS,0
ASYADNSNSEVRKIK,0
HYQFDSIHKFEFASK,0
YSTYGKFLADAGCSGGAY,0
DHNDIITALCFSPNR,0
KMKESGHLNEPHTHV,0
RAINSLDNLRGENAD,0
DVSYSKSYLYGYKSK,0
YLTRQRDLLKLLVRI,0
KEKALIIIKSLLSTNLPYGK,0
SHVHFRFVPSAAVEF,0
DLYILMSHTSGSAA,0
TVWAQSADFPQFKPE,0
RVALENAASVSGMLL,0
TNFFGINTIPIALTE,0
IDVVSREQCDQLYSKAGADV,0
QDRIGYVYALPTKAA,0
ILGGKKFTLEGKDYI,0
YNNLVNKIDDYLINLKAK,0
FKAYSYCGVGPHDSV,0
LPAAVSDKNKAYLHF,0
YGDAEKPAESGGSQPPRAAA,0
TIWQLLAFFLAFFLDLILLI,0
KLVDYILGTYQAIDEDT,0
LFEMTKDPVFKNMTY,0
CGRNQKPSRLTRSANNVLLEY,0
DNVDVGKLYTYFEPY,0
VIVNIASILGLQNMA,0
DSSVVAQEQDTYKVL,0
RPLFEANFDASSGLT,0
GQGINVAFNRFLVGCHPSDG,0
RGGTTTITKSRNLNK,0
YKSFSYCGVGANHRI,0
SPLTASKLTYENVKM,0
FPSGARPFFYQEVID,0
HGAGTRTIASPKGPVIQT,0
LKGIDIFCQIIPAVA,0
IQSPGEGTTGKLIYNGSGK,0
DVKFPGGGQIVGGVYLLPRR,0
IIGVEPGQLKLNWFK,0
WPADLQYIYSKVNNL,0
KRNQFCLSWSVYKPQ,0
YLAWQAGMDMCSAGW,0
LQLQPFPQPQLPYPQPQLPY,0
KKPGGTTYYYDPSAGKGVTA,0
AIMLFELFYYANDYD,0
NPQLRYPNGQEVPAR,0
SKAVYYKKILPTRSS,0
GVEPVHPQDGDALTLRTATN,0
KDPVKRGEPFSTYYI,0
LKTITHHQRLFMVQS,0
SPTDPKTLVKFVEGN,0
DVIGQVRRPEMGDQAHMPYT,0
DKMISHSLYNNEKGL,0
GNGWFEKALEQAGKSLKDKK,0
PKEASHLITVLPAAV,0
DPSNVRNCELVGLHD,0
AHASLLPFNVFSDAA,0
DLWEAFHTIYKKDNG,0
WILGDVFIGKFYTEF,0
TVAFNQFGPNCGQRMPRARY,0
HLITVLPAAVSDKNK,0
KEVEEAWASACGGTG,0
SLYYSNGYSHYYGNY,0
TAHFEKKMGENTGIV,0
FKVRFDAQGFAPEDINVTSS,0
AETQHGTIVIRVQYE,0
AQEQDTYKVLYKKVN,0
ETLNPVVQQNLKLSS,0
ISFCRGNKGFVAFND,0
YTGFGRVTEFKYSRD,0
ILSCRIIGAQKFDVV,0
NVVLQKSFGGPQVTK,0
SLEVSEEKANLREEE,0
KIGEYKNMIAEGIID,0
IDRFPYQLHTGKNTI,0
WGGDVAFVKHLTALE,0
VAVELLKSNKITGPH,0
LARYGPAWREQRRFSVSTLR,0
SALTLHWFRKGSS,0
HVPVKFQINLDFKNH,0
SWPDAHGQGGSTADT,0
LIFCHSKKKCDELAAKLV,0
LQPETFAVVDLNKMR,0
VPPELVVVFDVRLAV,0
HNLKNSHVHFRFVPS,0
AAESSSKAALTSKLD,0
ASEGAVDIINRWQVV,0
TSAVAVPFAMQVQARLNYVA,0
EFDPNSKVHAIMNIG,0
LGTCQTLTPMMSSKF,0
TSKLDAAYKLAYKTA,0
VGTGTTALVATQQF,0
EGLRESRKHIQDEKLVRYFL,0
VIKGGRHLIFCHSKKKCDE,0
MVNEAPGPINFTQLL,0
MNWDTWRVYRDAVSQ,0
LSKLEELSDKIDELD,0
RQLFQGQDMSEEETE,0
PLYKLVHVFINTQYA,0
GYVFCDKMISHSLYN,0
KKKKKKAKEEAPAAE,0
AAVEYLKSDEFETIV,0
GWVTQIATNPKYPDM,0
KIRGTLKVAAIKAPG,0
NSFGDLINPFDYTK,0
GPHDPLPHSPSDSAGNDGGP,0
QTIPYTTIHNVPDFE,0
FQMKQPYYTREELAF,0
RVNYLFQRYKGYLPR,0
GYKSKKINYDSLYNL,0
WLKVKILPEVKEKHEFLNRL,0
LVKFVAGDGDVVAVD,0
ESKGLADEERMDALE,0
AAVGATPEAKFDSFV,0
ATQYDYYYPEDLQSY,0
MIGLKLVTVLFAVAT,0
IHQHSIIPEQVTVGD,0
KQVDVDPVGVAVRLS,0
APEDKYEAFVLHFSE,0
LFVDSDVIQRAYETR,0
VDHIIELIHQIFNIV,0
NQRFYGSIYHYYRQL,0
DKIIELIRALFGLTH,0
LQHLQSIEVFPEDEG,0
LLSTNLPYGKTNLTDALLQV,0
NLYLTIPTARSVGA,0
YQTLKQSTWINYFKL,0
VNTTDMMIFDLVHSYNRFPD,0
EVKIVATLKALQNAH,0
IAGPVSEVTALNRQI,0
HADIRVEALFLLMKA,0
GNNLKSLEVSEEKAN,0
TAKAPGLVPKLDAAY,0
FNMVGFRNAVAGTAV,0
HFFSVGGEALELQGV,0
IEGITLLNAKFFHMN,0
VPIMNIYSAFEFDPN,0
EQISVLRKAFDAFDR,0
RPAPPPISGGGYRAR,0
ATQNEQTCVPQFHQP,0
PKDWGDVDTLGNLDP,0
YEGKDQFYYDKSEQY,0
SRPRSSSSSSSSSSS,0
VLADELSQEVCILSA,0
VIGVGDSALTLHWFR,0
DWMEEEEGAQREKE,0
LASSCQVAFSYFPPP,0
LLLLLAAVSASQQCK,0
WTILKPSDTINFESN,0
ALNSIQQFISSEMVE,0
IHHARFQDGEHFGEI,0
FVEIDRFPYKVQAGK,0
YVPLVGDDSWKFRLD,0
DRRHYFVEIDRFPYK,0
SPVPNMQREVLVFLR,0
YANYRDIDLGRNEVV,0
SYESFQNFRVEADIE,0
KYNYYGHEYDLNERR,0
DELPPEQIQLLKKAF,0
PVPLPPQGSDVKVGDKIRVS,0
KQKTDARRKSSSFAEFSQSY,0
VTVERKGRELTVIDY,0
RKAKAVEHLLSTRNM,0
FDQLGRLAVDKELDE,0
EFRASPFLECHGRGTCNYYS,0
QKQVAEFKEAFQLMD,0
LDEVYNAAYNAADHA,0
ELIHQIFNIVRDTRG,0
PGPMGPIGSRGPEGP,0
ASPLTGIADASQSSM,0
KYMVIQGEPGAVIRG,0
DGNVQVKFFDTGSAV,0
DNFEIDDKGFINTAK,0
AEIYNKDGNKVDLYGKAVGL,0
EGCTSELQEQCEEERCLPKR,0
PNESYKKQVTIRIGCKTSSSC,0
SFIDASNVAIIGFFK,0
KCNLYADSAWENVKNVIGPF,0
SAEEQKEMEDKVTSPEKAEEA,0
AAKFIIEEDSEAMEK,0
NNFEFSYLLGGANVG,0
DRTNLQEAQPLGNGKKAEQW,0
RVDYNHHHSTDLNVS,0
GGAYDIIICDECHSTDAT,0
IKKVIKEEKEKFPSSPPT,0
HSLYNNEKGLEWLGQ,0
FWNYTALAGLNVVLG,0
SGSLSGFLSTDVLDI,0
VEVVVGIPAIYLEST,0
DAVSQAGTWSALNSI,0
PGPRGLLGPKGPPGP,0
THLNDLESHPVSFSF,0
KHLAVLVKYEGDTMA,0
NGDKQISFCRGNKGF,0
PFLTNIETLYNNLVNKID,0
GHGAGGASILTYKTS,0
IINNQIGPKPTLIPS,0
VKVGDKIRVSGWGYLQEGSY,0
SHDFVTPNMYFKDVV,0
KSTNGLRIKSYEDAK,0
VRMMLIPLDATLIKV,0
MRQASGGGNGTAKAAGKSVM,0
GNKPVYEVAIPDRLT,0
RLAVDKELDEMVNEA,0
QLAETKKKSEEAKQK,0
SNISSWWNFGSLLGICLMVQ,0
KELTNLVNNTDTNFH,0
PFPPQQPYPQPQPF,0
HLKPAAPVVEVAPVEPTPVAPQPQEL,0
LRSYSFRPTYGVGHQ,0
VYEVAIPDRLTLRVE,0
PPYCTIAPVGIFGT,0
INFQTAADQARELIN,0
KEGNGYITTNVLREI,0
HTPINLVRDLPQGFS,0
VHSPSEAGLPLGTVSQLDSYNISQTSGNFS,0
REWGRDYVSELPTEV,0
NKSLGACPIRTQPRWNYYDSFSAVSEDNLGFL,0
YKPEDLFVNVDSNRVVVSGRHHKQKSDQHG,0
QQPYPQPQPFPSQQ,0
EAMQHELREAFRLYD,0
VLKKEVSETQHGTIL,0
RPQQPYPQSQPQYS,0
TRARARALVCTVWAISALVS,0
QQQQQQILQQILQQ,0
HVRRGVGINGLIDDV,0
QDKVTIDGYETL,0
EMYWVSGAKSNIIKS,0
DLLGIPHIPVTARKH,0
ISTEMVGTILEMLGH,0
HTPIIVREPEDLPQG,0
PYPQPQPFRPQQPY,0
SGTVDFDEFMEVMTG,0
WGTMVSHRSGETEDS,0
KLQDVVNQNAQALNT,0
VGSKSQTTTTQSSHC,0
IEAEPPFGESNIVIG,0
MDLSSSSMSSSSSSS,0
EQVVLLKKAFDAFDR,0
PFTVRYTTEGGTKTE,0
KAQIWTAMMYSVKKR,0
VLLFLSVNVHADTGCAIDISRQELRCGSGV,0
RSLFGGMSWITQGLLGALLLWMGINARDRS,0
LSQVSFQQPQQQYP,0
PFPSQQPYLQLQPF,0
DIVQPIIAKLYQGAG,0
VQQLCCQQLWQIPE,0
MRFAQPSALSRFSALTRDWFTSTFAAPTAAQA,0
PQPFRPQQPYPQSQ,0
QSIVQTLKAMPEYQD,0
RFDLELTFVITSTQQPSTTQ,0
QQQQQQQPLSQVSF,0
AGDMWRAYTDMKEANWKNSDKYFHARGNYD,0
RLKGKFIWICKINVA,0
RGVGITGLIDDVLAI,0
LDLIKDAIEKAGYTG,0
MWFHYSSITLLTLGLLTNIL,0
NHKVTPTTAIIQDATSQIKNTTPTY,0
EGFNCYFPLQSYGFQ,0
FNVSIKTPVLSVNAT,0
PYPQSQPQYSQPQQ,0
LQQSTYQLVQQLCC,0
DDLYALFQEKLETSP,0
RGGWSYYAATIRKVQ,0
LETLPAMCNVYIPP,0
LALYNAIRSPEFQSI,0
KTLNTRLKEAEARAE,0
IPHIPVSGRKYHIRR,0
KSVWSKLQSIGIRQH,0
GLTLNGKASRNLQDD,0
QQQPLSQVSFQQPQ,0
ADYSVLYNLAPFFTF,0
PIDQILAIAADYLAN,0
PQQQYPSGQGSFQP,0
DIIMGTDMEGIGYSK,0
TKQRQNKPPSKPNNDFHFEVFNFVPCSICSN,0
CCQQLWQIPEQSRC,0
GTAFVQMPAHGLFPW,0
QEFFGRGHEDTMADQEANRHGRSGKDPNYYRPPGLPDKY,0
FRFTPFKQAVKETCA,0
TYQLVQQLCCQQLW,0
SASIGTLCADARMYGVLPWNAFFGKVCGSNLL,0
LRSIFGTGEQAQQRR,0
QQQQQQQQQQQPLS,0
AISSVLNDILSRLDKVE,0
QKQQQQQQQQILQQ,0
NAIEFLNNIHDLLGI,0
QKLIEDVNASFRAAM,0
YIMSGPARYVYFHMVLPVEAQ,0
VVRLQSWQSEMLRMN,0
DVLAILPIEDLKALF,0
CTIAPVGIFGTNYR,0
RLSESNAAKMNDDVD,0
LVQFIKDRISVVQA,0
WLPQAKVPFSEETQNLILPYISDMNFV,0
GSAACQGFITQLGRNFQVIYEQANA,0
QQQQQQQQQKQQQQ,0
ETFHSTSSEGNPSPSQVSTTSEYPSQPSSPPNTPRQ,0
TSPDFLALYNAIRSP,0
QQILQQQLIPCRDV,0
VTIDGYETLIMS,0
TIAWFRMGGNCAIPITVMEYTECSYNKS,0
ECYDAGCAWYELTPAETT,0
YSKVVENNLRSIFGT,0
EEENDKKKEQEKEQSNENNDQKKDMEAQNLISKN,0
IRALFGLTLNGKASR,0
PHNSNFGYSYAKRMI,0
AAVAYLQSDEFETIV,0
YNVVTRLPASPAALA,0
QQFVYAGAMSGLLDP,0
PARPAYMVPQDFDLY,0
TVFYTISFDQMERYL,0
TARKHHRRGVGITGL,0
LKKAFDAFDREKKGC,0
VRKKLMMEQENGNLR,0
ADIRLTSIKSTTLRVDQSIL,0
RSPEFQSIVQTLKAM,0
GCVIAWNSNNLDSKV,0
DADGSGTVDFDEFME,0
SSPDEVALVEGVQSLGFTYLRLKDNYM,0
YGMILFIVSEVFFFTGFFWA,0
NDHYYEYILWKYHGA,0
CSREFCRMVQLPKSIDDSQLKCRMTDDGVL,0
ETLIMSDESTES,0
MKLLQHIPANLLENI,0
VHENVIISSPFRPWW,0
EFVSLASRFLVEEDA,0
KNHTSPDVDLGDISGIN,0
RKWFPAEPEDV,0
ANLAEVRSYCYLATVSDLSTKAACPTMGEA,0
QLPQFEEIRNLALE,0
MKDLDEPGHLAPTGM,0
PAANIASRYDQLVTRVVTHEMAHALG,0
SSQVLQQSTYQLVQ,0
TVWAISALVSFLPILMHWWR,0
NFVPCSICSNNPTCWAICKRIPNKKPGKKTTTKPTKKPT,0
YDAIRSPEFQSIVGT,0
MVRVPVPQLQPQNP,0
WIRVERMSAIMPDQIAKAAKAKPVQKL,0
GSLLGICLMVQIITGLFLAM,0
KLLFDLFYYANDYDT,0
RKQWWNESKAQIWTA,0
RDTRGLPEDLQDFLA,0
HRRARSVASQSIIAY,0
GFEAAAWYWHFVDVIWLFLY,0
VCRQGVVDRGWGNGCGLFGKGSIDTCAKFA,0
VHAIILHQQQQQQQ,0
DITFRKLYLKRKLIY,0
DWEDRYYRENMYRYPNQVYYRPVDQYSN,0
PQPQPFPSQQPYLQ,0
ADGSGELEFEEFVSL,0
EVFFFTGFFWAFYHSSLVPT,0
LNNIHDLLGIPHIPV,0
LQPQNPSQQQPQEQ,0
KALKLSWFKKGSS,0
VGGVFTSVGKAVHQVFGGAFRSLFGGMSWI,0
RCQAIHNVVHAIIL,0
DAFDREKSGSISTNM,0
GQAEPDRAHYNIVTFCCKCDSTLRLCVQSTHVDIR,0
KARYRFAQGEHDIRLPENAFVIARYTQGSSKAGF,0
PAMCNVYIPPYCTI,0
NEKLETSPDFLALYN,0
ATRFASVYAWNRKRISN,0
MNNAGLNSEKVSALIQKLNSDPQFVLAQNV,0
SYDFVTPNMFMKDVF,0
TTLLTSNTTGNPELTSQMETFHSTSSEGNP,0
WMGINARDRSIALTFLAVGGVLLFLSVNVH,0
NLLEKLREKGVDVDK,0
SGRKYHIRRGVGITG,0
KKSYDDVSFRVPPNL,0
RSEERLATATAKLAE,0
NPSQQQPQEQVPLV,0
HLRRGVGITGLIDDI,0
RGQSQLFSLNPRGRSLVTAGRIDREEL,0
HSTQPQPQSLKTTTP,0
VRVLYQPNVENLYHIYRHIGVNYAETVL,0
QLTALYMEFIKEFPV,0
RNGVYGINTLNNMGTLYARH,0
TLVVNKIRGTLKVAA,0
DVDKIIELIRALFGL,0
TESETEQAFLSA,0
YVRVFLGPKYDYLHS,0
FSTEDGQGKAHNGRL,0
GWVKPIIIGHHAYGDQYRAT,0
LRVFFDTNKSNIKDQY,0
DYLANDAEVQAAVEY,0
ICSLYQLEFVNQHLCG,0
QILYWILVANLLILTWIGGQ,0
RNLALETLPAMCNV,0
KFIWICKINVAVNIE,0
MTDVSRKIRAWGRRLMIGTAAAVVLPGLVGLAGGAATAGA,0
FVATFGAASNKAFAEGLSGEPKGAAESSSKAALTSK,0
PITEAAETATTEVPVEKTEE,0
SVKINKLISAGIIRF,0
IVGDDLTVTNPTRIQ,0
PHIPVTARKHHRRGV,0
ISFEIYPAHLFYSLI,0
QEKLETSPEFKALYD,0
LQDDLQDFLALIPVD,0
EPLDVPHEPEDDQPRPRGDN,0
ADNKTKEGRAMNRRVF,0
QSVIFANTRRKVDWI,0
FQVIYEQANAHGQKVQAAGNNMAQT,0
RLDQDMLDEIIAEVD,0
GVLALVLSILILALMPFLHT,0
PDKVDSYVWQTSTNPSVFWT,0
LNERRNYFVEIDRFP,0
TYGVGHQPYRVVVLS,0
TKKALDFTAPAVL,0
NTDFGNLAAQIKVPN,0
PAAPSYTLKLGEYGEVTVDCEPRSGIDTNA,0
HFVDVIWLFLYVSIYWWGS,0
LEAMPEYQNLIQKLK,0
IISDVLTASDFWGGAGSAACQGFIT,0
DGYETLIMSDES,0
EPQIYRRIREWGRDY,0
YGCTFTAVIPTNVFG,0
IDFLNGIHDLLGIPH,0
YLTQNPQLGISPSNPSEITSQ,0
TTVKTKNTTTTQTQPSKPTTKQRQ,0
SQPQYSQPQQPISQ,0
QSLIQKLKDKGVDVD,0
EIDRLNEVAKNLNESLIDLQEL,0
NYRYNKDFCKDIRWS,0
NPIVTEKDSPVNIEA,0
DVNASFRAAMATTAN,0
EGRCKANKIQDK,0
RWSLGDFGDIIMGTD,0
INTTKTNIITTLLTSNTTGNPELTSQME,0
LQSYGFQPTNGVGYQ,0
GKASRNLQDDLQDFL,0
INLYTVIFINILLSLTLILV,0
NFLNFLEANGLNAID,0
KTLPEMPVGVPEMPAGVDY,0
VLPVEIPIQCEPVLN,0
RLEDQAPSTHNVEVPFVKTFTYSVLDIQPNE,0
FDLFLFSNGAVVWWG,0
NDPKCCDFVTNRAYAIASSV,0
CKANKIQDKVTI,0
TQLKRALTGIAVEQD,0
LDEKDKALQNAESEV,0
STMGGKGGDLYTVTNSDDD,0
AQQRRKQWWNESKAQ,0
GLNGTKGYPGLKGDEGEVGDPGEDNNDISPRGVKGAKGYRGPEGPQGPPG,0
QQHSIAYGSSQVLQ,0
AAFRALVAQCLVCV,0
VRSYCYEASISDMAS,0
NVAVNIEPQIYRRIR,0
LTVTNPTRIQTAIDK,0
VAMPMLYNTRYSSKR,0
GRLITANPIVTDKEK,0
FNVFVLTFVSAVVFNFLN,0
QPSQQNPQAQGSVQ,0
QQINHHWHKSGSSIGKAFTTTLKGAQRLAA,0
WGIHHPPNSKEQQNLY,0
EKISRLMPSAHAIIR,0
EDLDMMIEEIDSDGS,0
KPRTSTPVTEF,0
KARGREGYFLARGARGREGYEGYFVTDEK,0
EPRSGIDTNAYYVMTVGTKTFLVHREWFMD,0
YDIEANINNYKYPYV,0
GLPVRYMTTAVNVTH,0
DFGGFNFSQILPDPS,0
IKDSSLAFGLIIL,0
NINNYKYPYVVKNFV,0
ISIVWVLSFTISCPL,0
QQILQQILQQQLIP,0
FRLYDKEGNGYITTA,0
SAESLKISQAVHAAH,0
NKDFCKDIRWSLGDF,0
EEDEVSIKEAAEAVV,0
KQEPYYLIVLKKEID,0
APQIPPNWHIPSIQDAATPYHPPATPNNMGL,0
QGSFQPSQQNPQAQ,0
LHTLLAVLTAAPLLL,0
AEEVKVIPAGELQVIEKVDAAFKVAATAANAAPANDK,0
RNFQPMSRQVVDDTKYKDYQQVGILHQHNN,0
SKTLDRLTPYILVLASDT,0
SQQQQQQQQQQQQK,0
LPYITADATGPKHMNIKVTRAKLESLVE,0
ANDAEVQAAVAYLQS,0
SSSGSLIYKPGTGYSQSSYSYGSGGSRPGG,0
EFKALYDAIRSPEFQ,0
GITGLIDDIIAILPV,0
QQPYLQLQPFPQPQ,0
QQPISQQQQQQQQQ,0
VNPIIYTTFNIEFRK,0
IAIATDYLANDAEVQ,0
QQQQQKQQQQQQQQ,0
ATTEEQKLIEKINAGFKAALAAAAGVQPADKYR,0
VEEDAEAMQHELREA,0
HNAPFLYYYILCYAR,0
AGFNCYFPLRSYSFR,0
NDGVYFASTEKSNII,0
VYPFLASNAALLNLI,0
SHGNYSTQIGATQAGRFSITPAAPSYTLKL,0
VKGSFVASVGLLFPPGIPGVSPLIHS,0
EKNALTKNHKEEMSQLTGQNDGDVNVEINVAPST,0
IVVTVDSLPEFKNFL,0
SFQQPQQQYPSGQG,0
PFGEVFNATRFASVY,0
SSTNNLAPNTNTGND,0
AQPSYQQQPQTQQPQLQSSQPPYSQQPS,0
YSQPQQPISQQQQQ,0
VTESIQAHTLAKANG,0
LRSIPNKLGGVLALVLSILI,0
TAQTRALFEKVQPTH,0
FLVHREWFMDLNLPWSSAGSTVWRNRETLM,0
LVLSFVGQTRVLMINGEEVEETELMGF,0
HRNEDPDRYPSVIWE,0
PVPQLQPQNPSQQQ,0
FEEIRNLALETLPA,0
KKELEDIVQPIIAKL,0
LWQIPEQSRCQAIH,0
PNKYWNSSTATSLCN,0
PVDQIIAIATDYLAN,0
YVEVCQGNVQAAKDG,0
AQKFNGLTVLPPLLT,0
FSIGLLQRLDFRHNL,0
KYKYICDDLDMTFTE,0
SERIRMAPPASASKA,0
VDSITQKKFLCDRTLWRIPFSSNFMSMGAL,0
QPQLPYPQPQPFRP,0
TVATAPEVKYTVFETALKKAITAMSEAQKAAK,0
GKPTEKHIQIRSTN,0
IDEVDADKSGRLEFD,0
GQQQPFPPQQPYPQ,0
VKAAVEYLKSDEFET,0
MNDGIAELIKIESSL,0
QQPQEQVPLVQQQQ,0
SVKKRLKGKFIWICK,0
AEAVVEAMDFHGEVT,0
YNKIFYARVPQRIYQ,0
WNESKAQIWTAMMYS,0
NGLNAIDFLNGIHDL,0
GDNENQSTVKTNSVPNMSLDQSVVELYTWQASLALSYRLNMFTPYIGV,0
ALLLTSGLVMWFHYSSITLL,0
NVYIPPYCTIAPVG,0
KAALTRTASNMNAAA,0
PEQSRCQAIHNVVH,0
RLAKYNQILRIEEEL,0
YRRIREWGRDYVSEL,0
IMSDESTESETE,0
WTAMMYSVKKRLKGK,0
LIMLYALIATQFSDD,0
AILPVDDLYALFQEK,0
TFERIPLKKMPS,0
FLEGVSGATWVDLVLEGDSCVTIMSKDKPT,0
SVIALGSQEGALHQALAGAIPVEFSSNTVK,0
KFQTAAQRAMMDQVR,0
LVQQQQFPGQQQPF,0
ALLMNVFASRTLRLS,0
FLYYYILCYARDFGS,0
DLKHFNLKYEDLHST,0
ILHQQQQQQQQQQQ,0
NIHCDCNIPPVLYSA,0
GDFGDIIMGTDMEGI,0
HKVMLLGHDDAYSDDKSMKV,0
IPVTGRKHLRRGVGI,0
