Sequence,length
KSQTVFQYL,9
FAGFTDLNKH,10
PLQDNLIAL,9
MLQQKVRY,8
NGVSYFLRLS,10
LSVKTISQTH,10
ALLLTDARGV,10
AVQKRISQR,9
IRGSGPQLV,9
VLPNFGNRL,9
FLAPGIKGL,9
PYYRLFILT,9
GSPPVPSLRH,10
ILPDGISLL,9
LFSFYISQTS,10
RAGNSLLLV,9
RLLDPLAAL,9
TAYASPV,7
IRQSNLQYL,9
VATNADATL,9
SIVKYVKRLS,10
RLLGHVAQI,9
PSVNKFLRL,9
VYTRVGSLL,9
RLTTDLLYL,9
RAPTVAILR,9
LLGLTDTRGS,10
ARESTVKRV,9
RATPGPSRL,9
SYFENLTYEE,10
SSLTNAAYL,9
TAYFAAVQD,9
IDSDLLNRE,9
FLLLLDANKY,10
ILIDRVKYL,9
YSGGIIQIP,9
AYLPGAAQGV,10
GSQPVGSLT,9
VQTKRLKTL,9
VATPVFSLR,9
ASAPAFLALV,10
LATLGDLGGP,10
AAYPNPPQA,9
SPELSLGTEP,10
TLPTVLNYL,9
DVEKTSKG,8
MLLDKVLEV,9
VAFNNAL,7
SFLLNVAYLV,10
RLTDVNSLL,9
FDDARSL,7
KAHNNVDYV,9
RQGGIAV,7
LPILTVAGGL,10
VYLANSGLI,9
TFGRGPVVRP,10
YFILFDF,7
ASLSLISLL,9
LQELDSQII,9
TTYGGPVV,8
TSPGGTGLR,9
PFGLPFTLL,9
VVSDLLKTL,9
SDILRNKELP,10
YYVELGSPA,9
RRGRILQLT,9
RYTGFFGLL,9
VIGKSVSPPI,10
LQGGSGGSL,9
SIFYYDDE,8
ILSDTVSRV,9
RILGSSGLIF,10
FPALRLGRL,9
SLADLLKYL,9
VEAQLGSRL,9
FAGGAALLV,9
YYHTLGNLL,9
ILTSGVSQL,9
YALLKALDDG,10
SYHNLGNRL,9
AYLTNFIKL,9
ASPDVTDL,8
KSPGVTVFSH,10
YSVKFVGGLD,10
FIENTTDGV,9
YFLLAAL,7
NYERNVTLL,9
TDFNILF,7
SIELTVKGVT,10
FVLAGDS,7
LLNDRDDRGK,10
VAPNVTNQV,9
KSVFVFSAAS,10
KLINVSLEVP,10
TLHTNLEYR,9
VYFFDGNKT,9
PLYQNFLYS,9
KAYGAPV,7
DKDKSPEKRK,10
SDFTRLKYL,9
YEGLNGTDT,9
RYTTLPNLL,9
TVEKGIETRK,10
AALAAALD,8
YFVFVFSLAA,10
AYTTLPERL,9
YYTADSALA,9
ELQDVLEYE,9
FPLAILI,7
VAPNGTNQV,9
VIHNKVLPIV,10
SDHARLLE,8
TFLLSLF,7
LVGLSSE,7
SFNYVFTRL,9
YAYGAFDKI,9
NRGSTVAL,8
PRPVPGQFE,9
KDFTASLIV,9
IFGRSDALL,9
VDTAANATLV,10
SIFLNSFDIV,10
IKQQVPQLT,9
RRTTNLAYL,9
PLLLPLTRL,9
PLQGVFLAV,9
VLLNGLK,7
KLQRVVRKRA,10
KSQTAFLY,8
FAGLSDVKV,9
RLQTGLLLL,9
SYLSNLFT,8
VSPTVTNPL,9
AFVENFTYAA,10
ALAQGVLRL,9
SIFESSFTIE,10
YFVTVFSLLS,10
VSQGRIN,7
VPFLDGTDL,9
ALQFKAVLT,9
TPFDTVNTDE,10
VYLTLGS,7
KAYYNFFK,8
ILKGVNQEL,9
RYPGVPQLR,9
MFLLLLALLP,10
ASLGNVA,7
GLAPGAAGL,9
AAGGGTVKRV,10
RQLTPLAGL,9
TFELTVKILA,10
LQILRSDGI,9
VDTAASGT,8
ASVFVFSLA,9
LQILRSDGL,9
SLNVKLLELP,10
RLGNIPQYL,9
PYGSYVSLI,9
PSPPLFIAN,9
SRQDVLSLL,9
ILQDVLYLL,9
ALLLNSSL,8
AAGGTDDGV,9
TVYFNNRYRH,10
TLLQKNSPV,9
SFYVFLTLEE,10
YSVLTFTR,8
TFIYLDA,7
IDKSGLYLLD,10
FALSLLSRLV,10
PESQIGNYN,9
VYPPLPALR,9
AIHSNVSAIV,10
RYPDLFIRL,9
VATTVGSL,8
LIVKATGGG,9
AAPGGAIRGV,10
RLLQKALYN,9
FPPVFGT,7
VATDNVDPL,9
IKVGGSGGIF,10
FDLAGLA,7
NQGSYGTLL,9
MLVQYFLRLS,10
KFVKAFSPAA,10
AISKTPSQYN,10
SPPDILNEV,9
LKFGTPRI,8
MLQGVAELR,9
VSENITN,7
ATLDGPSQRH,10
KKTGAARK,8
PLGQILTYN,9
RAYPFAVP,8
IFTYFVDPL,9
IFFRVNKTED,10
FDELIYL,7
KNSFYGLE,8
YSLTLFALGH,10
IYGYTDAT,8
LLPDFVSRV,9
FYLRNLAT,8
TAPDTTSDVD,10
ISPRTVSRR,9
LDFKSGKEPP,10
LPEVRGTRL,9
SLSDRLIRL,9
AAYFTVRN,8
TDLLSLV,7
ELPRVLTQL,9
PLQQVTIY,8
YFYSFFTYL,9
ASPTLPSQL,9
LLGLVIVIT,9
ASQGVNSQR,9
RRPRILEKR,9
FLLLLFIL,8
ASPGAPNQR,9
IYPDLLNLL,9
SIPNNTTEV,9
KIILKVLKVF,10
LTPGFTDP,8
YQGLIEVLTI,10
RPPRRLARR,9
SDFNRGKYL,9
TLIGFNQILD,10
MLTKAVSGV,9
SEYALYIDEV,10
TLIDGVKNQD,10
LPPRITARG,9
TSPPGIYLR,9
RRLRNFELR,9
LSVGATSFA,9
VAYNSGAD,8
LQINRGKIL,9
IKTSGVATI,9
VLTKGNSQH,9
RQYAAFADI,9
AVLANSA,7
PEYTIAIYK,9
LLIKRIK,7
PEYLNLADL,9
ILPVGLYFE,9
RLLDRLIE,8
VATFAAS,7
AYHTNPNY,8
AYHDTVST,8
VLTTLGNSL,9
VLPDVLNPL,9
NQQLISALI,9
IQGRDDTDT,9
KIVENFDKAE,10
VLTNRALRL,9
IYPRIPNYR,9
FQNLDAL,7
LFTFRNVSAP,10
VAPGGLAQL,9
LLSNKVREV,9
KKQGNSLKVD,10
PLGQKAEQT,9
AVQKVIRYL,9
VATDFVDGV,9
FEENKDTKV,9
AYLTLPILR,9
KAYFVFRL,8
VISNYGSELI,10
RLLLHVAGL,9
VDIYYSL,7
VPEATDAT,8
MLTKVNEPL,9
FPPNILKRL,9
LLKKSISIPI,10
RAHYNLDPIE,10
SYHDSLST,8
MFYFLNIL,8
VFTKASD,7
YQVTDGGYA,9
GSPPVIGLR,9
KSQNAGSFA,9
VAHNNLNKV,9
SEPTRTIRV,9
ASQGGPSQR,9
ASLKVNIK,8
FTLLSAGVVF,10
SEHTILIYL,9
TLGQGDA,7
VPAYRDGTAV,10
IYSYYNSTPF,10
DKSKTDSPPI,10
RLLDGLAYL,9
FSVPAAGR,8
FQLGSSL,7
NVERRIASL,9
LSPVITTF,8
VAHASDNT,8
TPPGGLV,7
TLPDLGSYR,9
NYFLYFTLL,9
LKIVTVVG,8
SRHSNLFYI,9
NYGSTVALL,9
LQVLASAGL,9
MYKNLGELT,9
SIFLNTFTVE,10
DVTKGDSQAH,10
TLQDVFSLL,9
RLKGGVAGV,9
KLQKVVRGVA,10
AAYPVPQLR,9
SKSKKFREAS,10
PLGQIDVYKR,10
TLYPIAV,7
KKFKRGRE,8
LTVGFGTDL,9
SPPYLDSR,8
KASNATLR,8
SYHRITTYI,9
RYGRLLALL,9
VRYRVVDY,8
ILSQKITRL,9
YTLGFSV,7
VAYPAAPP,8
PLLQVVLAN,9
DDELAVKIKI,10
NYVTDGDYL,9
VAPFGASQR,9
AAPPAPSFRN,10
RYKRSLALT,9
TVDATSVTP,9
FLEAGLATI,9
LIGGSVSDS,9
TKIFTDVN,8
VIHNDGSDL,9
TDLAELE,7
FPIRIVQIK,9
KSVGNALRL,9
ASVQTVRALS,10
KKHGIIDQ,8
SYHNDFNDV,9
TYEPGVAPL,9
LLKNYLSRLS,10
FANYKDLD,8
IKSYYDTETS,10
VFHDVGSYL,9
SLERILTYE,9
LPVKRSGI,8
SYVTLFIGL,9
PLQSPPQLL,9
RLHNILLYV,9
ISKGVFNLV,9
NFYSDLALL,9
KRQTVPNLR,9
YYPFVPSLR,9
VSFKNGNTL,9
YQGLSDVLPP,10
ISSSIVKRV,9
MRLGSLELV,9
VQNTRGDEL,9
FLIQITL,7
PLYPVNQYL,9
EENNIAEYK,9
RLHQNLIYL,9
ATENNAEQT,9
AYTTLPPPL,9
KATKASLQVI,10
MLTYYVDLLF,10
VIHDNVNT,8
RYFNSLE,7
FSAQLPNRL,9
ILSQGIYYL,9
SLPDHGSRL,9
SLSQILIYV,9
PSYGVGQYL,9
ILIDLDASLP,10
RRLGFLLLL,9
IFGRSDTLV,9
SLQQVVSYL,9
FNPVLTNFYH,10
GFVPVFQGLA,10
VYHNNPN,7
LSEGGVSQV,9
RAYPNAVKAP,10
FLGSGDKR,8
MSLTEFYLL,9
YSLLPAVALA,10
YALGFVALI,9
VVVEAGKTAV,10
FLQTLAEQ,8
VIFNRSLEV,9
MAGVSDLLV,9
VYPGNPNLR,9
ELNNRIKRT,9
ASLGNTIRV,9
VYHNATATI,9
FLLGIAEQV,9
TRDTNKIKR,9
RYHPAAAQL,9
LATKAVSQII,10
FSPPGAARG,9
ELSVILYYE,9
VDLLRLLT,8
RFYSPLASLV,10
SISLHVLRVV,10
LFVSYFSRLS,10
RLQDVLELL,9
SYFYNFTY,8
AFYLNAV,7
RQGLDGLD,8
MQIKENLIPI,10
ASQKGPKGR,9
ELKQVAEEV,9
LFVKVNDP,8
VLKPVFELL,9
AATPAPAPA,9
SDFLYLLYVE,10
SVHNYYLY,8
VYTPVGAPL,9
VVTNAGSY,8
YSVGTPSP,8
FSEAITV,7
RIHNNFDYL,9
PLLTLRYLL,9
TVYENSVKK,9
TRPDLLATR,9
VSVKLGSRLV,10
IPPVGLARG,9
TSPDTVST,8
PLLLPAIYK,9
GLLTLAELR,9
VFTFVPSQR,9
VPSYTVARLV,10
YFGSPFQDT,9
LIELSSDTIE,10
NRQSIVQIR,9
LFTGFVDL,8
PSHNITQD,8
PSYTNFIRL,9
MFFGVNDSLD,10
VRFGDLDY,8
PLLLPIALL,9
KFTPVNRPAP,10
RLLGGVA,7
KAILASLGIV,10
KAYGVPPKR,9
SLGQNLKYK,9
SFSSLLAYL,9
TKGFKARKKA,10
ELSDVLKYE,9
VATKADLQV,9
RLKDVLYLL,9
PQGGDGTDL,9
TLFVGPVPT,9
VNQFAGEPA,9
KSQGNVSAV,9
VVLKNSSTL,9
MIILTVLNGK,10
SLHQLLNRN,9
TFFAFSDIAE,10
LPPLRISTG,9
FVLLTISNGH,10
SYYYLYELL,9
SLSQYVLRL,9
SQNNKALRL,9
TVIKRNKTEK,10
SIFENYFEVE,10
ASQKAPSQR,9
VPPAGPPFE,9
ILGRGVQYV,9
IRFSYVFTL,9
SRHTRLLKL,9
ASLQKAIRLV,10
AALFNFSL,8
RLPTLAEL,8
DDAKKNKTLH,10
PEPVLGTRL,9
KAYGFNL,7
YFALYDARL,9
GLAPLNARL,9
VFTNANLPLV,10
VQVYDGSEAI,10
TYYPAAAKA,9
PLGQVFQLT,9
KSVFAFSALS,10
FVLASIATPH,10
TTLNALFDG,9
IYGSYVARL,9
ISSQTISYPH,10
ALGNTISQR,9
FRLRILNLR,9
RAYPNFIDL,9
LAPPGPVF,8
YFLLNNGGPP,10
VATKASPGI,9
RYHTNLAKL,9
VFTYLNSRLS,10
VLPDNLN,7
IKIYYDVLQP,10
VYATLLATL,9
AYTTNFALLA,10
PSSQKFIRLV,10
LKSVVIDP,8
VATKASEG,8
RLKTVLELL,9
SALTNYI,7
PSPGIFQRL,9
ASPSHISQY,9
NYLLDLAIL,9
AAPPGPV,7
YPERLANVP,9
VYPTLLEQR,9
RLKDGLLLV,9
TLLTLNLLL,9
MLLDLLSLR,9
SLHDILKRL,9
VDFTDLLT,8
FDADLLKYE,9
RYKNDLELL,9
PALFKALRSD,10
RAPADLA,7
GSVTPFQLL,9
FLQDGLNYV,9
GYLPLFALL,9
YSVLAFLLLA,10
KALLKAL,7
FLLRILAYL,9
YTKGVFQLT,9
TVHQIYFYK,9
KSQQETR,7
SFILYDKILS,10
TAYRNLVL,8
FLQRIAILR,9
NVSFLGSLPR,10
TSDQTIRK,8
LSPLITQLR,9
FLLLTVI,7
KAYGFFDPA,9
VFTTLNALL,9
IYGSLFSLT,9
VVFADGNYA,9
VLQFAASQQ,9
SEFEITIKA,9
YQVERGGR,8
FQNTDAV,7
IYTDLDATL,9
TVHAAAV,7
TLLDFVS,7
KIHYNFSPIV,10
VATKSFSLLV,10
NYLTNFALR,9
FALLFTG,7
FQPALPV,7
PLYQPFQYL,9
IVQRVIYYR,9
RATGFTLFVG,10
YYGGSSALL,9
NQQSLGQLL,9
IYTYSFDLT,9
TDFKRNGTGF,10
VSVTFGNYL,9
PSLTIAQYL,9
RAGVSLNVV,9
YYGRSSDLI,9
KYGGSFDKV,9
EEQTILQYK,9
YAGRSDTLT,9
ILQDNVNYV,9
NYTLYSA,7
PSSPVFQFN,9
NFQKVNSPPS,10
ISSQGIRIV,9
RLLGVLAL,8
YYYYLFSLAN,10
VYFEDGNTP,9
ERLRILQYR,9
AFGFTNSP,8
LLILRIKIL,9
SQHKYYFEL,9
YFYRPFTLT,9
PLQLPFQLL,9
EDEEILNYE,9
VYTTDGS,7
YKGKSPNLVI,10
TFELTVAIPA,10
VATNVAEEA,9
VLTTVGGLL,9
TAFDVDEYEP,10
IPSSILTYE,9
AAGPAAVQR,9
RAHTGPNYR,9
SSLLPFIYL,9
FYHLSLAT,8
KSQPAAI,7
YIFKFGNPVD,10
RQQGRSLQL,9
YLYFVGS,7
YYGGDPTD,8
PLHQIVIRN,9
RLLDHLELV,9
TNTFLNSNQF,10
IYFTLLAYL,9
SYHANLAT,8
VYPSFGTDLV,10
VYFALGNTA,9
ELQQVAEKN,9
KKYQITLK,8
RYHGNFDDI,9
VDVKRGGGGV,10
FVLTTSGTG,9
ILTSGIALL,9
KILYNVFEID,10
YYGTNSIK,8
RATPGDELT,9
ISLDNVILV,9
SPENITTTY,9
RATGVAELL,9
KQVGASL,7
PEYEPFILS,9
SFSYYDTTPP,10
KFFKVNEE,8
NYGSDFALL,9
AAGYSDLLI,9
LISVRTSEE,9
LSGRIITIT,9
FPSDGLSR,8
KLQQVNLYL,9
VYHTDLNYL,9
ILQDLPSLRK,10
YFYLFAVGAP,10
VNFNVGNEL,9
PLYGVALLL,9
TDSDGNKIVD,10
IYYSLFQLL,9
VYHDNLF,7
EEAVLLQYL,9
FAGNSDEQV,9
KIFKNNSE,8
SPSQRLKTE,9
NYLSNVSAI,9
SLYLFLT,7
SSLSNVSYI,9
TLATALA,7
LKILTDVI,8
MLLDGLLLV,9
PFYQKFTR,8
EENVRLTYL,9
NVTKYVSLIS,10
LSHEIFTDT,9
YYLNNLN,7
SSSERITEP,9
VSTKNVGTL,9
FEEANYFDKG,10
LKIGVGV,7
SYPDNLNPV,9
YVLAASATAV,10
KISKNVIRLV,10
RLLTSLELR,9
KQELASL,7
YLLPPLADL,9
LSPGVRNEV,9
LVTFGPSQ,8
RLNPPAGSL,9
VPEPGPGQ,8
FEVQAGF,7
VFTNYGTRLS,10
YAYGGPVLTA,10
SVHDLPNY,8
DAAQGGLP,8
FAPNAAG,7
LSVSVGSLL,9
FSGRIAVVT,9
YSVGVFSLL,9
MQGQYFLLL,9
LPSLFVTRV,9
VTPSVGNPL,9
RAHQNFL,7
SISYYDLR,8
FLQNGDEQ,8
VLLGSLS,7
RAYYDGDDA,9
LASVGDVLVL,10
YIVKTVDT,8
TEEALYNV,8
PSQGNFILR,9
VYETDLGYL,9
SIFENSDT,8
AYGGNVDLIA,10
TDEAGDV,7
TIIDTVFTDI,10
FALDNYLQVK,10
LFILFNDLVP,10
ELLTLLNYL,9
TPIYLLAT,8
DKDQTPRK,8
TLSLTVLRL,9
AVLTNVAGL,9
YFGALFILT,9
RLTPAFLRL,9
SYLTYLLTL,9
ASLFEAIVHK,10
FILLSSATI,9
RATYNFDLL,9
SLSDVLYYE,9
TDLDNLFTVG,10
ASVKTTKGG,9
IVEKTVDT,8
VPSSVGSFL,9
LFTSPGADL,9
LSSEIITFT,9
RAHDLVSLL,9
GSYPFAG,7
FREGIPVGV,9
TLLLAVSNPV,10
NGFSNVFYLD,10
MLKRDLELV,9
MGTKSSAGLP,10
RALDNVLRL,9
AYHPTTIKG,9
AILFTYFDIV,10
EENRILVKK,9
LFSSFVTLL,9
VYERLGQYL,9
AYPPAPSQR,9
AAPANPP,7
VPANGPNTL,9
NYVSYVSRLV,10
YFLLNFFAIP,10
SKHEIVLYVE,10
ISQRVINYT,9
NFTLYSA,7
YFVTNFAGPA,10
RANNVGLRL,9
PLLLPLARL,9
KALGNVLGV,9
RLKPKAEPT,9
NFFYYGTYLE,10
FSLLAAL,7
AVQFLISQPH,10
ASSQTVTR,8
AYHRTIATR,9
RYLTNLIEL,9
LFSQVGTELS,10
LSSQTIRR,8
PEGQLAVLT,9
YDAALLN,7
ASPPAPSRL,9
IYGSSDTLL,9
ISIRRIKRL,9
SEHNSYIKY,9
RAPPLFIRL,9
VDILSLE,7
TLYFVNPLD,9
IYLSLLQLL,9
FLQKLIEQG,9
AYHDTVSR,8
RRPPVRALR,9
SEYERTIK,8
MFNYRNA,7
FSAKAAKR,8
LVEKTVDIAA,10
NYFFDFFLAN,10
MLHNYSLYL,9
ASLFTNSNPV,10
LVGKSSVLIV,10
SLSQVVKYLS,10
AYLSNFSAL,9
VNDKAGSFVH,10
TLYNFLTYV,9
VDTKGDKTQI,10
ELQDKLKYV,9
FQLLPAARL,9
VQVLKFLDLV,10
MLQQRLKYV,9
TLKFLLNYR,9
LPSKRIST,8
AKGQTDRKT,9
YQTNAAG,7
VLEDRLKIEF,10
VISKTTSP,8
FLLDGLYYV,9
LFVLNFDLAA,10
VLVNKALRLV,10
LAPVGTARGL,10
VQGNSGSQT,9
VSPNAPSQN,9
ASQQLNRYT,9
PSLGPIQLL,9
IRTDGLKGL,9
VPPVLGN,7
FYPVLLIRR,9
LLPFGRSLVH,10
EQNTDALKKA,10
NYLTNFILLE,10
EEPTLLNYE,9
KAVGAFLLLS,10
LPSSTVKILI,10
YYLSNFSDPV,10
TDLLFLG,7
YDYQKDVDND,10
RRLRDLQLR,9
VATKVNELQP,10
VFTYRSDLAF,10
LPESGGTRA,9
TLIDFLYLLD,10
TDSKGISI,8
TFFDLNKYLP,10
FFARTDV,7
VATFAGSQ,8
SQLLSTLLI,9
LLFLYGV,7
RLLLSLL,7
VFTSYNLPLV,10
LFISFVTSLE,10
KQNGDAVKKG,10
DDDKGSET,8
NFTSDFAILA,10
FLNLSAVVK,9
KLLFAALLL,9
VFGLSDGDPV,10
ASLGTTSLRH,10
VIFKNSF,7
TFAPRNRY,8
AAEANSDP,8
ASQSNVQRL,9
YFTYYFLLAS,10
FSHQITKRL,9
IAGPGPNPT,9
FDAFGAVNKD,10
ILSDGVEQV,9
RYYVLLALL,9
MLNLKAILL,9
SEYTVGNEN,9
IYHGSTDKVE,10
SEYTLKIYE,9
IFTKVVDLL,9
FLILRGK,7
TVEFTDV,7
FSALTDIRG,9
PLQQVFQLT,9
TVSQTISYR,9
TTPGGPP,7
AAGVLAILT,9
VAHTRSDGL,9
RANGVFLLT,9
SIILYDTTV,9
SLHTLLKYL,9
ARYDNVILR,9
RATNVPNP,8
LSSSYGSRGV,10
LFNLRGGRPV,10
AAGGGPRGVD,10
TVERISVKK,9
FSVRRIIKK,9
KSVNTVKILT,10
KSVFAAILAH,10
VAPGNTSPV,9
TGSFVNFEPD,10
TLLDNLVLR,9
RLLPAAARL,9
NFVYRSDKAA,10
FVLTSSET,8
LKSVVTDF,8
KTGGNPDPI,9
SLLDNLIY,8
TLSQVRYFVH,10
TLAVLNVNE,9
YYYTNFIY,8
FELRIAIQR,9
LNPVVGSFLS,10
MGFDRVKELD,10
VEQTLAEQN,9
SPSSIGNY,8
YFYFLNSLL,9
ESQGVIQIR,9
VFTKADKTLV,10
LPVATTD,7
AYGKNSDKIA,10
IYFTLLATL,9
YTLFNPFL,8
TTGLTPVVIT,10
IGFKVNYELD,10
SLADRLARL,9
LIFKSDFNQI,10
RLTGGDVGVL,10
LLPLGRQLL,9
LSGRTIQIT,9
SYYLNYIYLE,10
YFGLFFAD,8
LATVVAVL,8
LPELTDATP,9
NIVLASADIV,10
MATFYYLEPV,10
RQNVSAEKT,9
ILQRGPQQR,9
VAHTLNE,7
YVFTLSELAP,10
LRPGVRNLR,9
MATDLDSL,8
LAIYSDDLGK,10
RLGLPLLLV,9
RLQPIAAYL,9
LLGLSDV,7
AEYFAPRANH,10
LLPNGISQYK,10
AKTKAVSPAS,10
VYTKSSSTP,9
NSVSRISRL,9
YFTGFLVLTP,10
MLTLGDLRGS,10
VDFKRNGTPI,10
VLLGNPP,7
RATGSSDKI,9
TDLFGLEYA,9
LIILSDLRGV,10
LATGSPVQV,9
AAPKGPSQRK,10
VAFNFDLRVF,10
TVLDNNAT,8
RLYPVAVY,8
FENLKAVDEV,10
YSVGFFGLL,9
VATKVREEV,9
FSPGIIVQ,8
TSERTPQY,8
YTYPPFQLT,9
LQVGATSGAS,10
RLIGRADGG,9
TSYVLTIK,8
RLLVFLN,7
TASFAPS,7
LSSKTTSF,8
YFGRPLAYL,9
SSVTNGKRV,9
YYVGTSDG,8
LIPNSTLDV,9
KGFYVNSER,9
NYLTDLALL,9
RRYAPLADL,9
FPERTIATRF,10
TLLLENSLSV,10
YYLTNFGYL,9
YFLLPVARLV,10
VFKKVNESLP,10
ISQGGPKQVK,10
LFPFVAGLP,9
VAPNGPSQ,8
NYTGFFSLL,9
FDDKRSGT,8
KLQGTVRGV,9
ILGSYLLYL,9
AYHRNPNYR,9
VAYPAANPAV,10
VFTYSSETA,9
AYHTNPNYRN,10
TATFSDEKRK,10
SLLDFVARL,9
FTLAGLA,7
RLAPPLARL,9
NYHTNPS,7
SSPDLTNRL,9
RLTSYVLEL,9
AAPFLPSQRD,10
KLYPVARFA,9
PLGNIGTYV,9
YFYAFSVGAE,10
SDILYLKEEP,10
FLLLILAYK,9
LLLGGLLQL,9
SYHYVTIL,8
SSSSLFYRL,9
SAGNKDTDV,9
FDVLRGL,7
TLPVLLYYE,9
SDFFLGNEEH,10
VYEYSGST,8
RTLAELP,7
FVLRSIIVR,9
LLLLFLTIV,9
FYLLRSALGV,10
MYTKSSSLL,9
ASPPATIF,8
MEYLKDL,7
AAYFVPQLRH,10
LFVLYSKLGA,10
SYNTLDTKE,9
VPSSGVKTL,9
SFYLPLTDLV,10
TYLTNLA,7
SISSNVFTVV,10
VILGNTGGI,9
PSSQIGTRT,9
SYHDNLIKL,9
NRQTNKQLR,9
VANFKASRLV,10
PLQQVTIKK,9
YYLTNFQYL,9
YFVLLGGRLV,10
YFQPLNQLL,9
LSQKTISQYK,10
MFTTVNELLP,10
NVESYVKTPI,10
